かしこまり	PLMSwJOUS0Tx4TGMWH8RN27xWyaD9gaoAd
YuNi	PLjGAXih5gQmHavTwLCBjCJRCi-a6Z4TG_
燦鳥ノム	PLTI6Iv43YUqJU_RBFb2g1lO2L_P0FKYJJ
音羽ララ	PLxwlAdFA2GFL3rwbwj8NSO247YqRXhCqZ
おめシス	PLjUYRJfqz5WsaAcHvdt6Qv5gaERy75fej
天神子兎音	PL4PDyA42kQIzm06PK0EsHGFWI2YTVf4lF
ルキロキ	PLLsvwWkNaWjni5zXdPbb5dZ903igr5IRQ
道明寺ここあ	PL2QMObcCGMhiTs_RHNjXbR4RD_eBQJDnt
花譜	PLPqVb_3u9vSOXd5W4xU6SdRQH566UOIHs
花譜	PLPqVb_3u9vSPmC_LA5IbAxVsxcJ2YZWwg
樋口楓	PLXVn5n2jQV_AnMLuD_8gsG5Q2Mehikf_0
響木アオ	PLOYaEFu7U9dliUJfio0LX-xnHlNHv66Fu
花鋏キョウ	PLxujgzR9TjoPk2qtHSqUVOnwojiC6R4Wv
ロボ子さん	PLF54qiUa9cTu9eyx3Ukx88jtJUCKGFvWL
ココツキ	PL7RZSG-RWWxq9q0LvYkM19abpXGc7gV-e
獅子神レオナ	PLTUPXbT5Ni8zaWU53t_eSZTzxJK3qMzfA
結城リノ	PLXz8jEe1urDbYPnfeEvEaMNl0qb8g8AB1
富士葵	PLFPYP7GcgzUQD-sMeyh_OO1DGIA4ez52A
町田ちま	PLz9E_XhmAFEFy5AobAyNAZgKUH4irHKTu
える	PLlKNHmvM5HaAswk-q0HK6BEOBWK8LmWP1
虹河ラキ	PLheaN59Iv7fy-iLvnFezuIXzyFt4HlKos
AZKi	PLpt61bADOMwXIZpLr09sCNeocN7CXjcoS
AZKi	PLpt61bADOMwW2aA9I1hWHyR8OixSuCXzc
皆守ひいろ	PLsD5In0uuR_xF7Kn8T1EGkeOx50pHF9qo
ヒメヒナ	PL1tX8zAv8bPkOg13XRuyrNsFQw8X2d6CQ
水瓶ミア	PLAQEX3vIUxs1ASq0MgiWNbNnTLjtrmAZS
因幡はねる	PLJdGplDR39fgC3Bm9DJj9hdZEFZPEU-Zq
シスター・クレア	PL5su7mgHJJj_h6_uZ4rcw-efQQFjd3cWq
夜霧メイ	PL1_8hDmK6EKl7LSGTVxGbMkXRlcoQiEdV
ヒヅキミウ	PLuY5BQ46GBj8eK7wu4kEzY6uBHV8lzMP1
綺羅星ウタ	PLp-fbHYMcJ4IFR1J8ZNR-j9Xsg7Jx-oU2
双理マイ	PLC4mpp011bbLhaAQfLLK80LMQL3OIQFvp
多々星シエル	PLdnFpkPFA_K3ftoP7pfNKN_1AM1L09k7H
丑牡てぃあ	PL2InGS1WjlsKsJokFTN_jx7FY2wwRviwu
千条アリア	PL45i3c24rjIMi5-6N_UZaTDi9eUB4idRb
ちくわ	PL-j2jBTJGULHBzgIiW5AqfAwP11o1gkJU
星乃めあ	PLM1Ho9_JrDOlH6vOPDdiuWUDJOmW1O2TJ
かぐらなな	PLAkKuGzXbI38FhxUVf_LDE2PfDQDVGpzy
朝ノ姉妹	PLuetBuqoU1A4YebySolUsq_bRnmvBuM3Y
KNMZ LITA	PLA8GJxLkt59ZfUKJ1091nHjQIYeBiwvjv
KNMZ LIZ	PL26UrbW_aFKu_EaAKNvKARLlgXO0q4HkB
鈴鹿詩子	PL8b9mpfr_W9KK9oi1z0oWMRB3Upqdsz9B
蒼月エリ	PLxT8w7CBbi55hixzassYgRhgTK7IKyNa3
ゆにゆにこ	PLN9TedmE-K_0ECmFKRH1QuzqiS_2n2lti
琴みゆり	PLH760VGv63GWxO-qDeu-8zCc0aHsKdxW0
神楽めあ	PLZGdAJUdUU-X6yvRwIyWxCX0wpTfIZ_Yh
ときのそら	PL_0A0t0-Y0AMS3OlmjziHKAetmHfcfDqI
物述有栖	PLT4Tw6XwV72g93Yo9d1j5gGxfMalMEcoT