かしこまり	カカカタ☆カタオモイ-C / ヒャダイン ( cover by かしこまり & YuNi )	O1qCN4UEZqU
かしこまり	クリスマスソング / back number ( cover by かしこまり )	l-RLPc55zb4
かしこまり	ヒロイン / back number ( cover by かしこまり )	19nG-IhWY6Q
かしこまり	めざせポケモンマスター / 松本梨香 ( cover by かしこまり & パンディ )	f4P9USTBXis
かしこまり	ワールドイズマイン / 初音ミク ( cover by かしこまり )	jTT9bwuUMfM
かしこまり	若者のすべて / フジファブリック ( cover by かしこまり)	CbCil5dUAY8
かしこまり	I WANT YOU BACK / TWICE ( cover by かしこまり & 響木アオ )	rlLlwMBEoDk
かしこまり	Lemon / 米津玄師 ( cover by かしこまり )	VXAMuERH0Gg
かしこまり	夜咄ディセイブ / IA ( cover by かしこまり ＆ 樋口楓 )	vcU_AUayrio
かしこまり	打上花火 / DAOKO × 米津玄師 ( cover by かしこまり )	Rz9aLowL5ck
かしこまり	シュガーソングとビターステップ / UNISON SQUARE GARDEN（ cover by かしこまり ）	GRh8XiHnXpw
かしこまり	HANABI / Mr.Children（ cover by かしこまり ）	_PElpN136WU
かしこまり	いけないボーダーライン / ワルキューレ ( cover by かしこまり ＆ おめシス  )	uB8aRwh8fZY
かしこまり	God knows... / 涼宮ハルヒ ( cover by かしこまり )	JkBg88ot3sU
かしこまり	天体観測 / BUMP OF CHICKEN（ cover by かしこまり ）	P7xs61SZytw
かしこまり	タマシイレボリューション / Superfly ( cover by かしこまり )	Hbvh3A-MEao
かしこまり	ひまわりの約束 / 秦基博 ( cover by かしこまり )	zChKL_uQv58
かしこまり	コネクト / ClariS ( cover by かしこまり )	AQCL88Upry4
かしこまり	君の知らない物語 / supercell ( cover by かしこまり )	Xkyy4gSVma8
かしこまり	ギリギリchop / B’z（ cover by かしこまり ）	s9HSfrSsIGI
かしこまり	渡月橋 〜君 想ふ〜 / 倉木麻衣（ short cover by かしこまり ）	UJORIzfM0sM
かしこまり	そばかす / JUDY AND MARY（ cover by かしこまり ）	h6Ouxk7Pi30
かしこまり	1/3の純情な感情 / SIAM SHADE （ Short cover by かしこまり ）	2fuldLfhZd8
かしこまり	やさしさに包まれたなら / 荒井由実 （ cover by かしこまり ）	cOtT55-SH4k
かしこまり	YOUTHFUL / 99RadioService ( Short Cover by かしこまり )	hwrQxVIkPMs
かしこまり	星間飛行 / ランカ・リー（中島愛）（ cover by かしこまり ）	pkL5Lvu1kWM
かしこまり	カタオモイ / Aimer ( cover by かしこまり )	GyF85OjYhuQ
かしこまり	サイレントマジョリティー / 欅坂46 ( Short Cover  by かしこまり )	91wjDz4z5Sw
かしこまり	メルト / 初音ミク ( cover by かしこまり )	wRmYHK14yyI
YuNi	【5人で前夜祭】 バレンタイン・キッス 歌ってみた - 樋口楓×因幡はねる×響木アオ×シスター・クレア×YuNi	LhxFEWOoMgI
YuNi	【Japanese ver】 Shallow Lady Gaga & Bradley Cooper 歌ってみた - YuNi	aApLaFDDUJw
YuNi	【イケメン(YuNi)降臨】雨とペトラ 歌ってみた - YuNi	ilp0naZ1WQU
YuNi	【キングダムハーツ】光 歌ってみた - YuNi【イヤホン推奨】	mGsAixlq7tg
YuNi	【バターにすっぞ】帝国少女 歌ってみた - YuNi	CPKLZq7RYhA
YuNi	【眠りにつく】白い雪のプリンセスは 歌ってみた - YuNi	PaO5P_wfRZk
YuNi	【謹賀新年🎍】ウィーアー！ YuNiと愉快な乙女丸達で歌ってみた	EgrGP8ljX8o
YuNi	【ゆにサンタ🎅🏻】赤鼻のトナカイ 歌ってみた - YuNi	HcK5fb4vYbk
YuNi	【メリクリ🎄】クリスマスソング 歌ってみた -YuNi 【backnumber】	NQ97uD3od5I
YuNi	【YuNiの推し曲】ひなげし 歌ってみた - YuNi【いきものがかり】	lx_amBRRwZI
YuNi	【祝☆半年記念日】ロキ コラボで歌ってみた - かしこまり×YuNi 【みきとP】	mxKCX19vIZg
YuNi	【そんなわけないや】ヒバナ 歌ってみた - YuNi	uaKIi_UhsNo
YuNi	【ダフニー】flos 歌ってみた - YuNi	OF5MVNyiF38
YuNi	【YuNiアレンジ】奏 歌ってみた - YuNi	y2ZbEta0ugw
YuNi	【そんな名前の人は知らない！】 adrenaline!!! 歌ってみた - YuNi 【エロマンガ先生】	teNRF5U_tCQ
YuNi	【どうしようもないまんま】ドーナツホール 歌ってみた - YuNi	xv92LLMA3J8
YuNi	【冬の風の匂いがした】夜空ノムコウ 歌ってみた - YuNi	MwVVsS2BkkE
YuNi	【乙女丸が大炎上⁈】Pressure 歌ってみた -YuNi【Muse】	Mgnecjs9B8E
YuNi	【コラボ】脳漿炸裂ガール 歌ってみた - 天神子兎音×YuNi	CYpOUcLtwT0
YuNi	【コラボ】Mrs.Pumpkinの滑稽な夢 女子4人で歌ってみた - そら×まり×アオ×YuNi	gb_jfOQd64c
YuNi	【コラボ】 Happy Halloween 女子3人で歌ってみた - おめシス × YuNi	l71rBXM1Rgg
YuNi	【ハァイッ！！】ultra soul 歌ってみた - YuNi【B'z】	jRfTfVeZavs
YuNi	【ル〜ララ〜】ロビンソン 歌ってみた - YuNi【スピッツ】	3lg9Y3uyRqQ
YuNi	【ねぇそうだろう？】ヴォイス 歌ってみた -YuNi 【ポルノグラフィティ】	regESypj-2w
YuNi	【昭和の名曲】まちぶせ 歌ってみた - YuNi 【石川ひとみ】	HgpLzXrE_XA
YuNi	【#ゆにアート】 tell your world 歌ってみた - YuNi	sLMDss_VV4E
YuNi	【愛が！】さよならエレジー 歌ってみた【菅田将暉】	VpYIJ76Gs6k
YuNi	【アイムアルーザー】LOSER 歌ってみた【米津玄師】	_MsMoRpvJD0
YuNi	【君の膵臓をたべたい】 春夏秋冬 歌ってみた - YuNi 【sumika】	aQnFn7013uQ
YuNi	【YuNi落下】アスノヨゾラ哨戒班 歌ってみた - YuNi	oP4bzAOmFos
YuNi	【舌が召された】ブリキノダンス 歌ってみた - YuNi	vKcOfhAAgeg
YuNi	【ジーザス!!】恋愛裁判 歌ってみた - YuNi	zqMWChfzTkI
YuNi	【愚者のメロディー】妄想感傷代償連盟 歌ってみた - YuNi	jlcXiaiG2IY
YuNi	【逃げちゃダメだ】残酷な天使のテーゼ 歌ってみた - YuNi 【新世紀エヴァンゲリオン】	-Sp2pM-whLw
YuNi	【眼球全開】ラプンツェル 歌ってみた - YuNi	vE3GNxYFawc
YuNi	【コラボ】からくりピエロ 歌ってみた - 響木アオ × YuNi	FCRRxX5PoX4
YuNi	【愛してくれ】シャングリラ 歌ってみた - YuNi【チャットモンチー】	E87JNpw_prI
YuNi	【生きろ】命に嫌われている。 歌ってみた - YuNi	85LtMbcugjI
YuNi	【猛暑対策】WHITE BREATH 歌ってみた - YuNi 【T.M.Revolution】	n7LNDJFHukw
YuNi	【わたしのヒカリ】Lemon 歌ってみた(生歌) -YuNi 【米津玄師】	NIOIRrLpYJU
YuNi	【甲子園につれてって！】タッチ 歌ってみた(生歌) - YuNi	EAhwdJpODsM
YuNi	【うー!にゃー!】太陽曰く燃えよカオス 歌ってみた(生歌) - YuNi 【這いよれ！ニャル子さん】	6TcYk_qGshM
YuNi	【苦手発覚】crossing field 歌ってみた(生歌) - YuNi 【ソードアート・オンライン】	DGJAG7JH8Go
YuNi	【初コラボ】 ペガサス幻想 小宇宙が燃えるまで歌ってみた(生歌) - 小山内めい x YuNi 【聖闘士星矢】	cyl1ZaRun3E
YuNi	【エアギター】夏祭り 歌ってみた(生歌) - YuNi 【Whiteberry / JITTERIN'JINN】	Q6h-qj3PncI
YuNi	【こっち向いてったら！】おねがいダーリン 歌ってみた(生歌) - YuNi	uHT5tGjRbfg
YuNi	【みつかっちゃった…】secret base ～君がくれたもの～ 歌ってみた(生歌) - YuNi【あの花】	BjgmNg37WvU
YuNi	【初デュエット】打上花火 歌ってみた(生歌) - YuNi 【DAOKO × 米津玄師】	TTJozNXj02g
YuNi	【YuNi…執行官になる。】名前のない怪物 歌ってみた(生歌) 【PSYCHO-PASS/EGOIST】	YRLVzP4ud_4
YuNi	【サンキュー】 ハロ／ハワユ 歌ってみた(生歌) - YuNi	AgjgTQLddY0
YuNi	【うっふん♡】ラムのラブソング 歌ってみた(生歌) - YuNi 【うる星やつら】	pK9IxSy9yXQ
YuNi	【昭和の名曲】異邦人 歌ってみた(生歌) - YuNi 【久保田早紀】	xb5ECqfmBVI
YuNi	【ダークYuNi】スーサイドパレヱド 歌ってみた(生歌)	ScBOvBW1KWA
YuNi	【息継ぎ必死】シャルル 歌ってみた(生歌) - YuNi	LjkDJHk2KrE
YuNi	【早口苦戦】砂の惑星 歌ってみた(生歌) - YuNi	OdtLcNpsmwc
YuNi	【ご存知、ないのですか!?】祝10周年！ 星間飛行 歌ってみた(生歌) - YuNi 【マクロスF / ランカ・リー】	McRFlW3gV1M
YuNi	【少しは分かるのです】Violet Snow 歌ってみた(生歌) - YuNi【ヴァイオレット・エヴァーガーデン】	Wn_DHMnQopI
YuNi	【ウエストがしんどい】エイリアンエイリアン 歌ってみた(生歌) - YuNi	BxgZRlx_pDE
YuNi	【メニアック】 sweets parade 歌ってみた(生歌) - YuNi【髏々宮カルタ/妖狐×僕SS】	5bNokEpIYNQ
YuNi	【自己紹介】プラチナ 歌ってみた(生歌) - YuNi【カードキャプターさくら】	8yL88k4Aou0
YuNi	Private video	LIITqeK-Z-Y
YuNi	Private video	dNYxXY-ZvcI
燦鳥ノム	ドラマツルギー by 燦鳥ノム【歌ってみた】	ZtTQ_pI-cCw
燦鳥ノム	ウミユリ海底譚 by 燦鳥ノム【歌ってみた】	cFqtIGicNNw
燦鳥ノム	雨き声残響 by 燦鳥ノム【歌ってみた】	GqiUKkdwpzA
燦鳥ノム	太陽系デスコ by 燦鳥ノム【歌ってみた】	xCZNzf6I2rc
燦鳥ノム	言って。 by 燦鳥ノム【歌ってみた】	t7u5raao5Kk
燦鳥ノム	檄!帝国華撃団 by燦鳥ノム・富士葵・ときのそら【歌ってみた】	35fKzdDH654
燦鳥ノム	ナンセンス文学 by 燦鳥ノム【歌ってみた】	kPM1HzOdExs
燦鳥ノム	ECHO by 燦鳥ノム【歌ってみた】	GiJl73vpWCg
燦鳥ノム	虎視眈々 by 燦鳥ノム【歌ってみた】	1KRaitjdFMw
燦鳥ノム	アディショナルメモリー by 燦鳥ノム【歌ってみた】	RHA0UPfIZnw
音羽ララ	《声を枯らして》Just Be Friends 歌ってみた ♪音羽ララ♪	nxkk6VGSYxE
音羽ララ	《ボカロ名曲》千本桜 歌ってみた ♪音羽ララ♪	69nGHjYeFQ0
音羽ララ	《ぴぽぱぽ》ハッピーシンセサイザ 歌ってみた ♪音羽ララ♪	XAGQtGb7sVY
音羽ララ	《踊り付き》マトリョシカ 歌ってみた ♪音羽ララ♪	2A7rZIjlC4k
音羽ララ	5分で分かる音羽ララの『歌ってみた』	rf_p9oot7PU
音羽ララ	《SAOその3》crossing field 歌ってみた ♪音羽ララ♪	TY3OwbGELEQ
音羽ララ	《操ってよ》からくりピエロ 歌ってみた ♪音羽ララ♪	mqxDstnw5qQ
音羽ララ	《恋しちゃったんだ》CHE.R.RY 歌ってみた ♪音羽ララ♪	pZ9_d0uplTs
音羽ララ	《メーデー》ゴーストルール 歌ってみた ♪音羽ララ♪	pnyujuOcjDE
音羽ララ	《SAOその2》INNOCENCE 歌ってみた ♪音羽ララ♪	B3hdPCixvVg
音羽ララ	《早口がんばった》ドラマツルギー 歌ってみた ♪音羽ララ♪	lT32NkU89Pg
音羽ララ	《ララサンタより》クリスマスソング 歌ってみた ♪音羽ララ♪	1gcbLH67LfA
音羽ララ	《時かけ》ガーネット 歌ってみた ♪音羽ララ♪	6RN3KlYcIyg
音羽ララ	《大好きだって言うため》いーあるふぁんくらぶ 歌ってみた ♪音羽ララ♪	YzFKmvsTaCY
音羽ララ	《アイちゃん先輩へ》future base 歌ってみた ♪音羽ララ♪	GC-TqiyCa0E
音羽ララ	《upd8参加》愛言葉Ⅲ 歌ってみた ♪音羽ララ♪	gA_BlsjcgxU
音羽ララ	《心臓を投げたのだ》メリュー 歌ってみた ♪音羽ララ♪	WAsATIl_ohE
音羽ララ	《EGOIST》Ghost of a smile 歌ってみた ♪音羽ララ♪	-g2BqC0SRP8
音羽ララ	《初ボカロ》ロキ 歌ってみた ♪音羽ララ♪	9_tZkZ0-PXM
音羽ララ	《猫の恩返し》風になる 歌ってみた ♪音羽ララ♪	4H87N0osHoY
音羽ララ	《まどマギ》コネクト 歌ってみた ♪音羽ララ♪	ua08T2VC0j4
音羽ララ	《SAO》Catch the Moment 歌ってみた ♪音羽ララ♪	4z4i-xJum8E
音羽ララ	《憧れの人》未練レコード 歌ってみた ♪音羽ララ♪	OdnL3G0BOMs
音羽ララ	《一緒に踊ろ♪》気まぐれロマンティック 歌ってみた ♪音羽ララ♪	7V7L-9kECME
音羽ララ	《蕩れ》君の知らない物語 歌ってみた ♪音羽ララ♪	0d030mevPYA
音羽ララ	《ずっとなかよし》secret base ～君がくれたもの～ 歌ってみた ♪音羽ララ♪	5l0Vypq1les
音羽ララ	《初投稿》ふわふわ時間 歌ってみた♪音羽ララ♪	aGBVp0DxBHM
おめシス	シンクロニティ by おめシス × BACK-ON	jis7E_mbwPw
おめシス	【ガンダムAGE】AURORA (Short) / 藍井エイル by おめがレイ	8q-Ny2a0GPM
おめシス	【ボカロ】非公開日誌 / GUMI by おめがリオ	FkyotXkl-CI
おめシス	からくりピエロ / 初音ミク by おめがリオ	owl2ZtgDRHI
おめシス	【天元突破グレンラガン】空色デイズ (Short) / 中川翔子 by おめがレイ	-YLyVDOJnFc
おめシス	【DTB】ツキアカリのミチシルベ / ステレオポニー by おめがレイ	SV_ag_cq9Jg
おめシス	青いベンチ / サスケ by おめがシスターズ	3JAeD-9FE8I
おめシス	【GBF】ニブンノイチ / BACK-ON by おめがシスターズ	KQPr8Qde22w
おめシス	【ハガレン】メリッサ / ポルノグラフィティ by おめがシスターズ【#14Ω】	XAt2lODxz_E
おめシス	【アルドノア・ゼロ】heavenly blue / Kalafina by おめがレイ	IfYODh82hTo
おめシス	AM11:00 / HY by おめがシスターズ【#16Ω】	abDwOIMcBEw
おめシス	【時をかける少女】ガーネット / 奥華子 by おめがシスターズ	gXhqIT7XnsI
おめシス	夏色 / ゆず by おめがシスターズ	VBpXOOPK6-E
おめシス	【かっとビング】マスターピース / mihimaru GT by おめがシスターズ	_AcOHoF68vo
おめシス	【ﾗｯﾀｯﾀｧ!】独りんぼエンヴィー / 初音ミク byおめがシスターズ	s9IvNnu0kqc
おめシス	【ﾒｰﾃﾞｰ】ゴーストルール / 初音ミク byおめがシスターズ	FVfim9jNQVg
おめシス	【まどマギ】コネクト / ClariS by おめがシスターズ	sYNL6WlW-e8
おめシス	【血界戦線】シュガーソングとビターステップ / UNISON SQUARE GARDEN by おめがシスターズ	pSBk3QVY3cA
おめシス	【あおガル】恋のカトレア通り(cover) by きれいなおめシス	b0nF7oUbsfg
天神子兎音	【歌ってみた】千本桜 feat. 初音ミク【cover by 天神子兎音】	hvFlaniw3rw
天神子兎音	【歌編】初心者でも4分で分かる天神子兎音（てんじんことね）	tXsAZ2ILC1s
天神子兎音	【歌ってみた作業用BGM】生放送ダイジェスト	vFvwX5Sk7Ho
天神子兎音	【天神子兎音】フーアーユーなんて言わないで【オリジナル曲】	lB0TkRmEXQA
天神子兎音	【歌ってみた】シャルル / バルーン【天神子兎音cover】	7SNFxThH1Bc
天神子兎音	【歌ってみた】メルト / ryo【天神子兎音cover】	TpNNEAnJHrE
天神子兎音	【歌ってみた】Calc. / ジミーサムP【天神子兎音cover】	ZgKDt3zvf9Q
天神子兎音	【歌ってみた】ロキ / みきとP【天神子兎音cover】	4knjZf6neh4
天神子兎音	【歌ってみた】1925 / 冨田悠斗【天神子兎音cover】	KRq6k_eo1wo
天神子兎音	【歌ってみた】またあした / ふわりP【天神子兎音cover】	wp9DGNwD7Hs
天神子兎音	【歌ってみた】いかないで / 想太【天神子兎音cover】【short ver.】	Yj6aOAJ6l1Y
天神子兎音	【歌ってみた】チュルリラ・チュルリラ・ダッダッダ！ / 和田たけあき【天神子兎音cover】	8SIDO8pWAlI
天神子兎音	【歌ってみた】東京テディベア / Neru 【天神子兎音cover】	J9ZT1Y3mcKw
天神子兎音	【歌ってみた】エイリアンエイリアン / ナユタン星人 【天神子兎音cover】	WMLT4pxwWM0
天神子兎音	【歌ってみた】God Knows... / 涼宮ハルヒ【天神子兎音cover】	qKmBRuHyOdE
天神子兎音	【コラボ】脳漿炸裂ガール 歌ってみた - 天神子兎音×YuNi	CYpOUcLtwT0
天神子兎音	【YuNi×天神子兎音】クノイチでも恋がしたい / みきとP【歌ってみたコラボ】	r6-gB_ypjsM
天神子兎音	【歌ってみた】ゴーストルール / DECO*27 【天神子兎音cover】	QOmCr33TkBs
天神子兎音	【歌ってみた】only my railgun / fripSide【天神子兎音cover】	7l2Wp_LB9ts
天神子兎音	【歌ってみた】敗北の少年 / kemu 【天神子兎音cover】	QAQLbMLI_rM
天神子兎音	【歌ってみた】初めての恋が終わる時 / ryo【天神子兎音cover】	6VEw5zVsjlQ
天神子兎音	【歌ってみた】そこに空があるから / 江崎とし子 【天神子兎音cover】	y0ASPri61Y4
天神子兎音	【天神子兎音×樋口楓】SEVENTH HAVEN／Tokyo 7th シスターズ【歌ってみた】	N8K73cMLbAg
天神子兎音	【樋口楓×天神子兎音】打上花火 / DAOKO × 米津玄師【歌ってみた】	n0da64FMiDM
天神子兎音	【響木アオ×天神子兎音】ビバハピ / Mitchie M【歌ってみた】	1NkouNWZ4so
天神子兎音	【歌ってみた】天ノ弱 / 164【天神子兎音cover】	apoSRXjAdq8
天神子兎音	【歌ってみた】終わりへ向かう始まりの歌 / supercell【天神子兎音cover】	496Y52OT1_g
天神子兎音	【歌ってみた】サイレントマジョリティ ー / 欅坂46【天神子兎音cover】	My-1Qfn-I44
天神子兎音	【歌ってみた】アンデッドエネミー / ギガP・スズム【天神子兎音cover】	ckU1zTua0G8
天神子兎音	「アンインストール」（Arranged by Aire） ショートver「IMAGINATION vol.1」より【天神子兎音】	zO5H6NbWKZ4
天神子兎音	【歌ってみた】不協和音 / 欅坂46【天神子兎音cover】	rEiCTfOcCZs
天神子兎音	【歌ってみた】さよならメモリーズ / supercell【天神子兎音cover】	Cs5GieimxBs
ルキロキ	【悪夢の始まり】 スーサイドパレヱド / ユリイ・カノン【歌ってみた】	FtYP1MfUvlA
ルキロキ	【王様になりたい】しんでしまうとはなさけない！/じーざすP【歌ってみた】	dn4cKo18Uf8
ルキロキ	【溶けていく】メルティランドナイトメア/はるまきごはん【歌ってみた】	R2Por8y7Zhg
ルキロキ	【想いを込めて】オレンジ/トーマ【歌ってみた】	8nG6xWFZQ0E
ルキロキ	【愛や厭】妄想感傷代償連盟/DECO*27【ルキが歌ってみた】	3MVNJsWSJEI
ルキロキ	【未完成な二人が】ヒバナ/DECO*27【歌ってみた】	lYOQN11WoX8
ルキロキ	【力の限り】メリュー/ナブナ【ロキが歌ってみた】	at6FIQlP6Zg
ルキロキ	【しゅき】エイリアンエイリアン/ナユタン星人【歌ってみた】	cXLyJqI77kg
ルキロキ	【僕は誰？】拝啓ドッペルゲンガー/kemu【歌ってみた】	OWUACUFsKeA
ルキロキ	【回って回って】からくりピエロ／40mP【歌ってみた】	ZIWRP3kD3vs
ルキロキ	【継ぎ接ぎ狂った双子が】マトリョシカ／ハチ【歌ってみた】	vVqIhWxwNeE
ルキロキ	【キズナアイちゃんの】new world【歌って踊ってみた】	LE5DZfuxhbk
ルキロキ	【せやな】何でも言うことを聞いてくれるロキチャン【歌ってみた】	Y0B5jbpb9u4
ルキロキ	【そらともが】未練レコード/ときのそら×40mP【歌ってみた】	KPlxewKbWy0
ルキロキ	【ルキがロキをルキにして】ロキ/みきとP【歌ってみた】	jLMh1KNmzwI
道明寺ここあ	【初投稿】Rising Hope 歌ってみた  - 道明寺ここあ【魔法科高校の劣等生OP/LiSA】	4ns7aPLDP70
道明寺ここあ	【道明寺ここあ】unravel 歌ってみた【東京喰種トーキョーグールOP/TK from 凛として時雨】	cwjjS6MfIkw
道明寺ここあ	【道明寺ここあ】メルト 歌ってみた	yWxuBzb83DY
道明寺ここあ	【道明寺ここあ】シャルル 歌ってみた	hAYfIIGIMCc
道明寺ここあ	【道明寺ここあ】サンビカ 歌ってみた【キルラキル挿入歌/藍井エイル】	GOZAo6xmb5w
道明寺ここあ	【道明寺ここあ】ピースサイン 歌ってみた【僕のヒーローアカデミアOP/米津玄師】	l5FOt1OAfOc
道明寺ここあ	【道明寺ここあ】Wherever you are  歌ってみた【ONE OK ROCK】	xSUgfiyQf0M
道明寺ここあ	【道明寺ここあ】Mighty Long Fall 歌ってみた【ONE OK ROCK】	iWPBZi8RcqI
道明寺ここあ	道明寺ここあが吹っ切れた【おちゃめ機能】	mjwbAgu7CWU
道明寺ここあ	【道明寺ここあ】砂の惑星　歌ってみた【ハチ】	iqndwWqlfR8
道明寺ここあ	【胸がギュッとした】君の知らない物語 歌ってみた【化物語ED/supercell】	nlP1OnR8S8k
道明寺ここあ	【寂しい】命に嫌われている。 歌ってみた【初音ミク/カンザキイオリ】	9_IKgqsnfco
道明寺ここあ	【ﾊﾞｰﾁｬﾙのど自慢】愛をこめて花束を  歌ってみた【Superfly/cover】	yOYEKiiFJCw
道明寺ここあ	【掴み取れ！】Catch the Moment　歌ってみた【ソードアート・オンライン 主題歌 / LiSA】	Z82UOYjwl6M
道明寺ここあ	【学校で！】『ロキ』歌ってみた！【ゲーム部の皆さんと！】	f8exumiQ_ck
道明寺ここあ	【切なく】うたかた花火　歌ってみた【NARUTO疾風伝ED/supercell】	j6QMF99JfLo
道明寺ここあ	【研ぎ澄ませ!】完全感覚Dreamer 歌ってみた【ONE OK ROCK】	l0V9rt9McYM
道明寺ここあ	【大爆発！】No pain, No game　歌ってみた【BTOOOM！OP/ナノ】	Hj-Wda9cO8g
道明寺ここあ	【腕が筋肉痛】エイリアンエイリアン 歌ってみた - 道明寺ここあ【ナユタン星人】	LKfsadAxu5s
道明寺ここあ	【王の力！】The Everlasting Guilty Crown 歌ってみた - 道明寺ここあ【ギルティクラウンOP/EGOIST】	7O7emKO5RpQ
道明寺ここあ	【ギターに挑戦！】God knows... 歌ってみた - 道明寺ここあ【涼宮ハルヒの憂鬱挿入歌/平野綾】	Ug1mTGc2Jqs
道明寺ここあ	【満開】打上花火 歌ってみた - 道明寺ここあ【DAOKO × 米津玄師】	4zmQFZmP9lA
花譜	【歌ってみた】フラジール covered by 花譜	5NMSH6piKZU
花譜	【歌ってみた】凍えそうだ covered by 花譜	KM8Jh3D3hgA
花譜	【歌ってみた】五月雨 covered by 花譜	R1Gph3qEijw
花譜	【歌ってみた】想像フォレスト covered by 花譜	sHlNoBD_rj4
花譜	【歌ってみた】打上花火 covered by 花譜	R0BHfKV9ioI
花譜	【歌ってみた】Lemon covered by 花譜	SNapiB5_dx0
花譜	【歌ってみた】回る空うさぎ covered by 花譜	i30TA3V527A
花譜	【歌ってみた】死んでしまったのだろうか covered by 花譜	3j0znl2cYAs
花譜	【歌ってみた】またねがあれば covered by 花譜	6pEDTxHm-Ek
花譜	【歌ってみた】さよならミッドナイト covered by 花譜	y4sHBySTCzk
花譜	【歌ってみた】猛独が襲う covered by 花譜	jpwy7kP8Pps
花譜	花譜　#17　「雛鳥」 【オリジナルMV】	M1RIUrgJqWw
花譜	花譜　#16　「活花」-復帰＆”雛鳥”予告編- 【オリジナルMV】	VcACkGvGKjM
花譜	花譜　#15　「忘れてしまえ」 【オリジナルMV】	2Nj1l-S2FJU
花譜	花譜　#13　「忘れてしまえ」-予告編- 【オリジナルMV】	RWJkwQrnKW0
花譜	花譜　#11　「魔女」 【オリジナルMV】	AqwFHfsAlx0
花譜	花譜　#09　「心臓と絡繰」 【オリジナルMV】	hcm1LGOxJbc
花譜	花譜　#08　「心臓と絡繰」-予告編②- 【オリジナルMV】	NF5ySTQuE4A
花譜	花譜　#07　「心臓と絡繰」-予告編①- 【オリジナルMV】	J8rBt5AuFcs
花譜	花譜　#06　「糸」 【オリジナルMV】	3Wtx6k2vInU
花譜	花譜　#05　「糸」-予告編- 【オリジナルMV】	FhlwWC4vwy4
花譜	花譜　#03	DUEvvom-r4A
花譜	花譜　#02	eqovRWVLCic
花譜	花譜　#01	LZWPYAqDtGs
樋口楓	放課後Memory【樋口楓オリジナル曲】	pGdJHcAAPlc
樋口楓	burning forest【樋口楓オリジナル曲】	JLt-Z2BO3Lk
樋口楓	「だってアタシのヒーロー。」cover.樋口楓（Arranged by PandaBoY）【試聴動画】	m7Jw3a6W7ck
樋口楓	【にじさんじjk組】dream triangle【オリジナル曲】	M9VZ-BczRH0
樋口楓	【5人で前夜祭】 バレンタイン・キッス 歌ってみた - 樋口楓×因幡はねる×響木アオ×シスター・クレア×YuNi	LhxFEWOoMgI
樋口楓	樋口楓1stライブ「KANA-DERO」ライブ映像特別公開！『響鳴』	NcaGIXz6fdI
樋口楓	【樋口楓×天神子兎音】打上花火 / DAOKO × 米津玄師【歌ってみた】	n0da64FMiDM
樋口楓	月夜ノ空 full ver.【樋口楓オリジナル曲】	mgw7dgA4nNE
樋口楓	【天神子兎音×樋口楓】SEVENTH HAVEN／Tokyo 7th シスターズ【歌ってみた】	N8K73cMLbAg
樋口楓	皐月の風【樋口楓オリジナル曲】	w565CF7KsHA
樋口楓	奏でろ音楽！！！full ver.【樋口楓オリジナル曲】	Vs9dX8C9Cn8
樋口楓	デロッパ！【樋口楓オリジナル曲】	P9CBFmk5H8Q
樋口楓	WISH!【樋口楓オリジナル曲】	78JaNSdVOMQ
樋口楓	【樋口楓&える】けろっぐふろっぐ！【オリジナル曲】	sRpg90RGRJg
樋口楓	焼森のファンファーレ【樋口楓オリジナル曲】	ML9x7s7SMBE
樋口楓	WINDING ROAD byおめがシスターズ×樋口楓【歌ってみた】	DxQVcC-yJV0
樋口楓	【ロボ子さん×樋口楓】Happy Halloween 【歌ってみた】	v6u80eYSLvc
樋口楓	【ロボ子さん×樋口楓】PLATONIC GIRL 【歌ってみた】	_cUTVL2Nj6o
樋口楓	【にじさんじJK組】dream triangle short ver.【オリジナル曲】	FhF8PEGAF2Y
樋口楓	【静凛&樋口楓】Dress me up!!【オリジナル曲】	yCTsaVg6f3g
樋口楓	曇り空のフィルム【樋口楓オリジナル曲】	PbW6Q1FdQEg
樋口楓	月夜ノ空【樋口楓オリジナル曲】	Zrq5lRWmCVc
樋口楓	夜咄ディセイブ / IA ( cover by かしこまり ＆ 樋口楓 )	vcU_AUayrio
樋口楓	楓色の向こう【樋口楓オリジナル曲】	AgOWBMkU24g
樋口楓	MapleDancer【樋口楓オリジナル曲】	OLWqLMbq5QY
樋口楓	【にじさんじ】Mr.Music【歌ってみた！】	CICsAfQ6ke8
樋口楓	キミの友達【樋口楓オリジナル曲】	JG-mcEtEpRY
樋口楓	やきもち☆ハートブレイク【樋口楓オリジナル曲】	zu1ikUGv4Qc
樋口楓	奏でろ音楽！！！ VR live ver.【樋口楓オリジナル曲】	rGGGenfukR8
樋口楓	奏でろ音楽！！！【樋口楓オリジナル曲】	MuFxkZMtv_M
樋口楓	Liver's High!!【樋口楓オリジナル曲】	O-Ndo_JKTAY
樋口楓	放課後Melty【樋口楓オリジナル曲】	W9rkEnT9Q_8
樋口楓	Maple【樋口楓オリジナル曲】	0jseKaZGFzM
樋口楓	Harmony!!【樋口楓オリジナル曲】	_7yLua9O9Us
響木アオ	【歌ってみた】Mariah Carey(マライア・キャリー) / All I Want For Christmas Is You『恋人たちのクリスマス』【Covered by 響木アオ】	2IhVS4wAtKM
響木アオ	【新人アイドルが】“私、アイドル宣言”歌ってみた【響木アオ】	gyBMk2sAbrs
響木アオ	【歌ってみた】Lemon / 米津玄師	i54nTY_Xgl4
響木アオ	【Cover】Virtual Insanity / Jamiroquai【歌ってみた】	je9Kzc-J4WM
響木アオ	【歌ってみた】打上花火  / DAOKO × 米津玄師	D11JIOXu_6I
響木アオ	【歌ってみた】はじめてのチュウ / あんしんパパ【Cover】	6e_5_KtJkFw
響木アオ	ハロ／ハワユ【歌ってみた♪】	kYGg1vWMbfA
響木アオ	lllトゥルティンアンテナlll【歌ってみた♪】	I0SyWEUFNmQ
響木アオ	初めての恋が終わる時【歌ってみた♪】	lHAQRminNmc
響木アオ	【歌ってみた】にんじゃりばんばん(Ninja Re Bang Bang)  / きゃりーぱみゅぱみゅ	08hVIe4MnhU
響木アオ	【歌ってみた】廃墟の国のアリス/まふまふ feat. 初音ミク【響木アオ】	GKlOTi-A2xE
響木アオ	【歌ってみた】クリスマスソング / back number【響木アオ】	7AAJu3UQQ8Q
響木アオ	【歌ってみた】Kizuna AI/future base (Prod.Yunomi)【Covered by 響木アオ】	tLCTlXcDUhQ
響木アオ	【響木アオ×天神子兎音】ビバハピ / Mitchie M【歌ってみた】	1NkouNWZ4so
響木アオ	【オリジナル曲】アオの青汁【大正製薬さまコラボ】	kACQK4Mk7ig
響木アオ	【歌って踊ってみた】チカっとチカ千花っ♡covered by 響木アオ【かぐや様は告らせたい】	JklXfqM_yeQ
花鋏キョウ	アイネクライネ/米津玄師(Covered by 花鋏キョウ)【歌ってみた】	8ZukcDdTc1I
花鋏キョウ	ミュージックミュージックとあ feat. 初音ミク（Covered by 花鋏キョウ)【歌ってみた】	TUtkwmdEXQw
花鋏キョウ	廃墟の国のアリス／まふまふ feat. 初音ミク(Covered by 花鋏キョウ)【歌ってみた】	NMdNolKVVco
花鋏キョウ	【女性が歌う】じん−アディショナルメモリー/ JIN−Additional Memory(Covered by 花鋏キョウ)【歌ってみた】	jajOPxWbpnM
花鋏キョウ	【女性が歌う】ヨンジュウナナ／みきとP feat. 初音ミク(Covered by 花鋏キョウ)【歌ってみた】	ciGp8jmnmqk
花鋏キョウ	【米津玄師】Lemon／米津玄師(Covered by 花鋏キョウ)ドラマ『アンナチュラル』主題歌	4LX0CjZsQV0
花鋏キョウ	瞬き／back number「8年越しの花嫁 奇跡の実話」主題歌(Covered by 花鋏キョウ)	pd9FXA5C4CU
花鋏キョウ	ロキ 歌ってみた【花鋏キョウ×獅子神レオナ】	DN_KpMjdMUM
花鋏キョウ	脳裏上のクラッカー(Covered by 花鋏キョウ)【ずとまよ】【歌ってみた】	oA8AbUXFVQo
花鋏キョウ	【歌ってみた】PLATONIC GIRL みきとP / 獅子神レオナ×花鋏キョウ【VTuber】	K2Chm_HEPU8
花鋏キョウ	【女性が歌う】米津玄師 「Flamingo」(Covered by 花鋏キョウ)/ソニー 完全ワイヤレスヘッドホン CMソング	DwErLL60GXk
花鋏キョウ	愛言葉Ⅲ - DECO*27(Cover) / 花鋏キョウ【歌ってみた】	uP0rBmGkvq4
花鋏キョウ	【女性が歌う】奏/スキマスイッチ（Cover by 花鋏キョウ）『一週間フレンズ。』主題歌	S19I8ko-HUk
花鋏キョウ	【女性が歌う】TEENAGE RIOT（米津玄師）/covered by 花鋏キョウ / 『GATSBY COP』CMソング【VTuber】	HEql9BoUE4s
花鋏キョウ	夢ファンファーレ ／ 花鋏キョウ×双理マイ【歌ってみた】	AAbLoF-zc_8
花鋏キョウ	【女性が歌う】前前前世/RADWIMPS『君の名は。』主題歌(Covered by 花鋏キョウ)	XwRyIYmMCzw
花鋏キョウ	【女性が歌う】クリスマスソング / back number (フルカバー) by 花鋏キョウ【vtuber】	nI-9rVc_RI8
花鋏キョウ	フィクサー／花鋏キョウ【歌ってみた】	ubVlzwY_ZkQ
花鋏キョウ	【歌ってみた】 WAVE 【花鋏キョウ】	yTek-etn_ZE
花鋏キョウ	【Eve】ラストダンス 歌ってみた【花鋏キョウ】	RnOH_kL42nI
花鋏キョウ	夜もすがら君想ふ 歌ってみた【花鋏キョウ】	3g-ZzwsUf48
花鋏キョウ	打上花火/DAOKO × 米津玄師(Covered by 花鋏キョウ & 夜霧メイ)	fiY2Dug7U-s
花鋏キョウ	小さなライオン ／ 双理マイ×花鋏キョウ【歌ってみた】	kX1Yyv6LWps
花鋏キョウ	【アレンジver】シャルル ／ バルーン (cover) by花鋏キョウ【歌ってみた】	lovGbRw8R7c
花鋏キョウ	【米津玄師】砂の惑星 feat.初音ミク/ハチ (cover) - 花鋏キョウ【歌ってみた】	1FfJumM0G3M
花鋏キョウ	【ずとまよ】ヒューマノイド／ずっと真夜中でいいのに。（cover）花鋏キョウ【歌ってみた】	jEE_foq1cM8
花鋏キョウ	ヨルシカ - 藍二乗（cover）花鋏キョウ	EwwCPPCL0k4
花鋏キョウ	眩しいDNAだけ／ずっと真夜中でいいのに。（cover）花鋏キョウ【ずとまよ】【歌ってみた】	t9AfuYngEd8
花鋏キョウ	【supercell】さよならメモリーズ／花鋏キョウ【歌ってみた】	JOcwaqpLSWU
花鋏キョウ	誓い / 宇多田ヒカル（cover）花鋏キョウ【KINGDOM HEARTS III エンディングテーマ】	0TfJmj-3aEo
ロボ子さん	【MMD公開記念】おねがいダーリン 歌ってみた【ロボ子さん】	RJwpJIe5FmY
ロボ子さん	【ロボ子さん】メルティランドナイトメア【オリジナルMV】	Klsca1OcwH8
ロボ子さん	【ロボ子さん×樋口楓】PLATONIC GIRL 【歌ってみた】	_cUTVL2Nj6o
ロボ子さん	【歌ってみた】ロボ子、あっかんべーだ　歌ってみた。【オリジナルPV 】	e_EqIA6ZWqs
ロボ子さん	【歌ってみた】少年と魔法のロボット【VTuberチャリティーライブ】	48DgT4-JYZA
ロボ子さん	【全部美兎】シュガーソングとビターステップ OFF(全部美兎)を…歌ってみた【ロボ子さん】	8SRe-pPLaG0
ロボ子さん	レペゼンVTuberラッパーロボ子！【世界クーリッシュ選手権2018】	24NBZW9P7_c
ロボ子さん	【ロボ子さん・白上フブキ】嗚呼素晴らしきニャン生【ドーラ・鷹宮リオン】	Mb2oMO-SK7w
ロボ子さん	【ロボ子さん×樋口楓】Happy Halloween 【歌ってみた】	v6u80eYSLvc
ロボ子さん	【ロボ子さん】secret base〜君がくれたもの〜【VTuberコンピレーションアルバム「IMAGINATION vol.1」】	yU5_w__2FBo
ココツキ	命のユースティティア/covered by ココツキ【歌ってみた】	w6IgnKR3LHY
ココツキ	秒針を噛む/covered by ココツキ【歌ってみた】	Pl85zCoxabg
ココツキ	【女性2人で】ヒバナ/covered by ココツキ【歌ってみた】	umHhriJ8n7U
ココツキ	【女性2人で】心做し/covered by ココツキ【歌ってみた】	QgouH0x07_Y
ココツキ	【女性2人で】3月9日/covered by ココツキ【歌ってみた】	aQG-qc9YdTc
ココツキ	【女性2人で】narrative/covered by ココツキ【歌ってみた】	NF7p33anu5U
獅子神レオナ	【女性が歌う】TEENAGE RIOT（米津玄師） / vo.獅子神レオナ / 『GATSBY COP』CMソング【VTuber】	n6jW9CGlD4A
獅子神レオナ	【女性が歌う】Flamingo（米津玄師）/ vo.獅子神レオナ【VTuber】	4lESqW6hZ0k
獅子神レオナ	【本気のバラード】ラプンツェル / 獅子神レオナ【歌ってみた】	ZS-rrnpB10E
獅子神レオナ	【歌ってみた】ラズベリー＊モンスター/ vo.獅子神レオナ 【VTuber】	5g4jAgRkvvA
獅子神レオナ	【歌ってみた】シャルル/vo.獅子神レオナ【VTuber】	UhOADo8Wm0g
獅子神レオナ	【歌ってみた】PLATONIC GIRL みきとP / 獅子神レオナ×花鋏キョウ【VTuber】	K2Chm_HEPU8
獅子神レオナ	【歌ってみた】チェチェ・チェック・ワンツー / vo.獅子神レオナ【VTuber】	WoLWZ3wmSoY
獅子神レオナ	【歌ってみた】告白予行練習 / vo.獅子神レオナ【VTuber】	IYfEhy3HEjQ
獅子神レオナ	【生きて】命に嫌われている。 / vo.獅子神レオナ【歌ってみた】	Y78khzdJMJE
獅子神レオナ	【ソロで】灰色と青 / vo.獅子神レオナ【歌ってみた】	T9s6NRLezDc
獅子神レオナ	【あいみょん】愛を伝えたいだとか / vo.獅子神レオナ【歌ってみた】	kNQePK_J9rs
獅子神レオナ	【back number】クリスマスソング / vo.獅子神レオナ【歌ってみた】	ftk4DxmmIBY
獅子神レオナ	【ONE OK ROCK】Wherever you are / vo.獅子神レオナ【歌ってみた】	mMYaDs75Z2E
獅子神レオナ	【DECO*27】ヒバナ / vo.獅子神レオナ【歌ってみた】	BV406hFrDk8
獅子神レオナ	【コレサワ】たばこ / vo.獅子神レオナ【歌ってみた】	W5eCr-_rl9I
獅子神レオナ	【UNISON SQUARE GARDEN】シュガーソングとビターステップ / vo.獅子神レオナ【歌ってみた 】	k85XEb9j-mw
獅子神レオナ	【マクロスΔ】いけないボーダーライン / vo.獅子神レオナ & 水瓶ミア【歌ってみた】	_m6ylUQ9_nQ
獅子神レオナ	【時をかける少女】変わらないもの / vo.獅子神レオナ【歌ってみた】	WBQv67L5VZY
獅子神レオナ	綺羅星ウタ×獅子神レオナ「革命デュアリズム」歌ってみた	No0UxRe5IE4
獅子神レオナ	【歌ってみた】on the rocks 【唯牙コハク×獅子神レオナ】	6lM31jEl568
獅子神レオナ	【OBK'S】桜ノ雨【歌ってみた】	GdRNa72_3hU
獅子神レオナ	【OBK‘S】神のまにまに【歌ってみた】	Inbifi8dDMw
獅子神レオナ	【OBK‘S】好き！雪！本気マジック【歌ってみた】	d2HPMxnK2x4
獅子神レオナ	【歌ってみた】劣等上等 Giga / 水瓶ミア×獅子神レオナ【VTuber】	ZTQLWq8BYP8
獅子神レオナ	ロキ 歌ってみた【花鋏キョウ×獅子神レオナ】	DN_KpMjdMUM
獅子神レオナ	【獅子神レオナ＆綺羅星ウタ】　再教育　【歌ってみた】	Qs4x4Ko4rAY
獅子神レオナ	【歌ってみた】夢ファンファーレ - 丑牡てぃあ × 獅子神レオナ	6tJo5NWpdMQ
獅子神レオナ	【歌ってみた】フィクサー／獅子神レオナ【Vtuber】	iwFXWBZ1cEI
結城リノ	【4K映像】DECO*27 - 妄想感傷代償連盟 feat. 初音ミク【歌ってみた】結城リノ	q-V7CWiHEJQ
結城リノ	【歌ってみた】シャルル / バルーン - 結城リノ	U0tb-fHQ2b0
結城リノ	【歌ってみた】千本桜 feat. 初音ミク【covered by 結城リノ】	Di7kQyqJfQo
結城リノ	【3D LIVE】おどりゃんせ 歌ってみた - 結城リノ	8CTS0UST7zY
結城リノ	【フル/歌詞付き】HAPPY BIRTHDAY / back number【Cover】（ドラマ「初めて恋をした日に読む話」主題歌）	S__1Mh8sZ1g
結城リノ	【バレンタインに】メルト 歌ってみた【MVフル/歌詞付き】結城リノ-Vsinger-	QM-p5v6cBR0
結城リノ	【ダンスMV】キミノヨゾラ哨戒班 歌ってみた - 結城リノ-Vsinger-	HCSqPtoUeRg
結城リノ	【MV】アスノヨゾラ哨戒班 歌ってみた - 結城リノ-Vsinger-	MQJQVp9TFVo
結城リノ	雪の華 / 中島美嘉（映画『雪の華』主題歌）【歌ってみた】- covered by 結城リノ	G8lnAybbr4g
結城リノ	【女性が歌う】米津玄師 「Flamingo」(Covered by 結城リノ) / ソニー 完全ワイヤレスヘッドホン CMソング	fjK34zMHzKo
結城リノ	【フル/歌詞付き】Aimer『Sailing』ドラマ「レ・ミゼラブル 終わりなき旅路」主題歌（covered by 結城リノ）	k3O9-Rs9790
結城リノ	【オタク趣味は全然ないよ？】君の彼女 歌ってみた - 結城リノ / kimi no kanojo	7hbH7jS5s3M
結城リノ	【フル/歌詞付き】Uru 『プロローグ』歌ってみた(生歌) - 結城リノ　TBS系 火曜ドラマ「中学聖日記」主題歌	iNgRKAGfHTk
結城リノ	【Vtuber】夏の空は未だ明るいままで 歌ってみた - 結城リノ	p3VAVWBPLJc
結城リノ	【チャイナドレスで♡】金星のダンス 歌ってみた - 結城リノ	GiQhWjBczoQ
結城リノ	【3D LIVE】shake it ! 歌ってみた - 結城リノ	32EcK2TN9Fo
結城リノ	【オリジナルMV】サディスティック・ラブ 歌ってみた - 結城リノ	lNeWebIUesI
結城リノ	【オリジナルMV】グリーンライツ・セレナーデ 歌ってみた - 結城リノ	KYyjhtSvljs
結城リノ	【オリジナルMV】おねがいダーリン 歌ってみた - 結城リノ	xmZ0XsWluH0
結城リノ	【歌ってみた】私、アイドル宣言【結城リノ】	WG7Qt_YBWXQ
結城リノ	【歌ってみた】君の彼女【結城リノ】	jHNE3O1BDVw
結城リノ	【歌ってみた】チュルリラ・チュルリラ・ダッダッダ！【結城リノ】	lIgb2nZiby4
結城リノ	【女だけど歌ってみた】恋をしよう【結城リノ】	2g_ImldtkEM
結城リノ	【歌ってみた】花降らし【結城リノ】	LBTHreNnLp4
結城リノ	【歌ってみた】アウトサイダー【結城リノ】	kkp3EV6BkuA
結城リノ	【初投稿】【歌ってみた】チェチェ・チェックワンツー！【結城リノ】	YmE5_U8-tsI
富士葵	【女性が歌う】Koi/androp  映画『九月の恋と出会うまで』主題歌【富士葵】	Mp0T8WoFn7E
富士葵	【歌ってみた】おとなの掟 / Doughnuts Hole ・ 椎名林檎と松崎ナオ【富士葵】『カルテット』	LraAU_shDKY
富士葵	【富士葵】雪の華/中島美嘉　 映画『雪の華』主題歌【歌ってみた】	9ozaiKTyJ5M
富士葵	【富士葵】I beg you / Aimer【歌ってみた】『Fate/stay night [Heaven's Feel]』	ezGNv5NT0mY
富士葵	【富士葵】恋愛サーキュレーション／千石撫子(花澤香菜)『化物語』【歌ってみた】	A8g6cuODzxc
富士葵	【Cover】クリスマスソングメドレーを歌ってみたよ！2018【富士葵】	xfjT-Bti9Xg
富士葵	【富士葵】月のワルツ／諫山実生／みんなのうた【歌ってみた】	yA8wCtE62fU
富士葵	口だけでカントリーロード歌ってみた / 耳をすませば主題歌/COUNTRY ROADS【富士葵】	JtKUQWPSQr8
富士葵	【富士葵】日々/吉田山田 【歌ってみた】みんなのうた	r7YC2Ti1keU
富士葵	【富士葵】月光/鬼束ちひろ 『TRICK』【歌ってみた】	k6B-isLbj18
富士葵	【富士葵】なんでもないや/RADWIMPS 『君の名は。』 【2018 Cover】	aDnSbeC_kyw
富士葵	【全部俺】Over The Rainbow／富士葵【歌ってみた】『オズの魔法使い』（The Wonderful Wizard of Oz）	W8UOTqazeaU
富士葵	【スマブラSP】 命の灯火／古賀英里奈『スマッシュブラザーズ』【歌ってみた】Super Smash Bros. Special	Wjf1366QIrw
富士葵	【富士葵】今夜このまま／あいみょん『獣になれない私たち』【歌ってみた】	mSg12nizeac
富士葵	【富士葵】蝶々結び／Aimer【歌ってみた】	SVqedq-_Y7Y
富士葵	【富士葵】Flamingo／米津玄師【歌ってみた】	LpFlorv28_A
富士葵	【歌ってみた】君の知らない物語／supercell【富士葵】『化物語ED』	bsgU_M83lJM
富士葵	【歌ってみた】クソダサムーブでエイリアンエイリアン【富士葵】	PLBi20neHbM
富士葵	【富士葵】ピースサイン／米津玄師【歌ってみた】	w2FjVnLyL8o
富士葵	【歌ってみた】Precious ／伊藤由奈『LIMIT OF LOVE海猿』主題歌	gfhs3BTWQPM
富士葵	【歌ってみた】時を刻む唄／Lia 『CLANNAD 〜AFTER STORY〜』	kNzQowN6Z6M
富士葵	【多重録音・全部俺】JUPITER／富士葵【歌ってみた】	WVcny1IhWJ4
富士葵	【歌ってみた】you／癒月『ひぐらしのなく頃に』【弾き語り】	caPn1JQ2enY
富士葵	【歌ってみた】鳥の詩／Lia 『AIR』	_R-khs0_rJU
富士葵	【Cover】射手座☆午後九時Don't be late／シェリル・ノーム starring May'n 『マクロスF』	tAZlcp4mT-g
富士葵	【ZEKKEI】桜坂/福山雅治　Sakurazaka/Masaharu Fukuyama【Cover】	Okb7BGUwHLw
富士葵	【Cover】ウィキッド『魔法使いと私』/Wicked "The Wizard and I"	zrFFXpZa23I
富士葵	【Cover】secret base～君がくれたもの～/ZONE『あの日見た花の名前を僕達はまだ知らない』【ライブ音源】	rjYkPF4_g80
富士葵	Fight!公式応援ソング『君のミライ』	NT9ZqcskfE4
富士葵	【富士葵】新衣装お披露目！！！	8sgkdyHV18A
富士葵	【Cover】赤鬼と青鬼のタンゴ【みんなのうた】	3MoW6LUolb8
富士葵	【Cover】ひこうき雲/荒井由実(松任谷由実)　Hikouki Gumo/Yumi Arai(Yumi Matsutoya)【弾き語り】	YRMvGOA43Sc
富士葵	【Cover】花ハ踊レヤいろはにほ/チーム“ハナヤマタ”『ハナヤマタ』【踊ってみた】	szyhyrYg7Cw
富士葵	【Cover】夏祭り/JITTERIN'JINN・Whiteberry Natsu Matsuri/JITTERIN'JINN.Whiteberry	H6sAxQi8OM0
富士葵	【Cover】夏色/ゆず Natsu Iro/Yuzu	RbBo0ERC90Y
富士葵	【Cover】Rain/大江千里・秦基博 Rain/SenriOhe.MotohiroHata『言の葉の庭』	qhjULwm8tUs
富士葵	【Cover】ライオン／May'n/中島愛 - 富士葵×ときのそらコラボ「そらあお」で歌ってみた	rn54OXCuTZs
富士葵	【Cover】トライ・エヴリシング/Dream Ami『ズートピア』Try Everything/Dream Ami	vkSFyx2vRkA
富士葵	【Cover】NIPPON/椎名林檎 - NIPPON/Sheena Ringo	pSVdXYWSHxQ
富士葵	【Cover】明日への手紙/手嶌葵『いつかこの恋を思い出してきっと泣いてしまう』Asu e no Tegami/Aoi Teshima	1Nlt9Vy4CuM
富士葵	【Cover】ありがとう/いきものがかり『ゲゲゲの女房』　Arigato/IkimonoGakari"GeGeGe No Nyobo"	ZCF8AiaAd5c
富士葵	【ありがとう】未来への旅立ちの日に	yIOX6MA4B7M
富士葵	【Cover】One more time, One more chance,/山崎まさよし『秒速5センチメートル』	Q6lioMo1Qwg
富士葵	【Cover】Butter-Fly/和田光司『デジモンアドベンチャー』 Butter-Fly/Koji Wada”DIGIMON ADVENTURE”	TtgvPFkWQJo
富士葵	【Cover】卒業写真/松任谷由実 SotsugyoShashin/Yumi Matsutoya	XsyobVYi46Q
富士葵	【Cover】春よ、来い/松任谷由実 Haru Yo Koi/Yumi Matsutoya	v-oX-iq3l0c
富士葵	【Cover】歩いて帰ろう/斉藤和義『ポンキッキーズ』Aruite Kaerou/Kazuyoshi Saito "Ponkickies"	Qr1e-XuGuM8
富士葵	【Cover】フリージア/Uru『機動戦士ガンダム 鉄血のオルフェンズ』Freesia/Uru "Mobile Suit Gundam: Iron-Blooded Orphans"	sPE9vVOWjUE
富士葵	【Cover】3月9日/レミオロメン March 9th/Remioromen	FbqMJ1UucsY
富士葵	【Cover】サザンカ/SEKAI NO OWARI　SAZANKA/SEKAI NO OWARI	8CNM6H_FKDY
富士葵	【Cover】変わらないもの/奥華子『時をかける少女』Kawaranai Mono/Oku Hanako "The Girl Who Leapt Through Time"	qeGDonntEzI
富士葵	☆4万人登録ありがとう☆【Cover】Tomorrow/アニー＜ミュージカル＞	q9Esydf9EyI
富士葵	【Cover】奏(かなで)/スキマスイッチ『一週間フレンズ。』Kanade/Sukima Switch "One Week Friends"	_E6f7gHX0R8
富士葵	【Cover】富士葵、スーザンボイルと呼ばれて　夢やぶれて/Les Misérables	5nH5mFg9xYA
富士葵	【Cover】希望という名の光/山下達郎  A Ray of Hope/Tatsuro Yamashita	a1POL45GTTI
富士葵	【Cover】セーラームーンメドレー『美少女戦士セーラームーン』Sailor Moon medley『Sailor Moon』	BNckc2vaK0M
富士葵	【Cover】炎のたからもの/BOBBY『カリオストロの城』Treasures of Time/BOBBY "THE CASTLE OF CAGLIOSTRO"	lMDs6mHrGVk
富士葵	【Cover】テルーの唄/手嶌葵『ゲド戦記』Therru's Song/Aoi Teshima "Tales from Earthsea"	CLvFdndsRuk
富士葵	【Cover】前前前世(movie ver.)/RADWIMPS 『君の名は。』 Zenzenzense "Your Name"	rNcmaeY37rM
富士葵	【応援】葵の感謝の気持ちを伝えます。Cover:ファイト！/中島みゆき【富士葵】	-7-DiqcyeXw
富士葵	【Cover】なんでもないや/RADWIMPS 『君の名は。』 Nandemonaiya "Your Name"	2icJhamXyA0
富士葵	【Cover】クリスマスソングメドレーを歌ってみたよ！【富士葵】	ggTm4YPeGxw
富士葵	【Cover】スパークル/RADWIMPS 『君の名は。』 Sparkle "Your Name"	2z2qTuiwfrM
町田ちま	【歌ってみた】変わらないもの／奥華子【町田ちま】	Cch-8tl4z2g
町田ちま	【歌ってみた】打上花火【町田ちまとゴンザレス】	5hhpkY0Ht6w
町田ちま	【アカペラ】未来へ/Kiroro【町田ちま】	dB3UEHDBqE8
町田ちま	【アカペラ】ありがとう/いきものがかり【町田ちま】	dLDDvmNMNUU
町田ちま	【歌ってみた】フリージア/Uru【町田ちま】	h41KFaq4UXc
町田ちま	【アカペラ】Twitterお歌まとめ+α【町田ちま】	Y1mHQZbD3Eo
える	【歌ってみた】ハロ/ハワユ【手描きPV】	d1CR_M0Bvec
える	【歌ってみた】秘蜜～黒の誓い～【手描きPV】	Kj9TcSh19ZM
える	えるかざガクのヘンテコディナー	VDYnU6GTwUs
虹河ラキ	#26 「君の知らない物語」｜歌ってみた【虹河ラキ/VTuber】	T39QLAMhruI
虹河ラキ	#34【歌ってみた】「時計仕掛けの夢」【虹河ラキ/VTuber】	Fn9YxucRNOc
虹河ラキ	「Joy to the world」歌ってみた【虹河ラキ】	A9Ah8ml6TzU
虹河ラキ	「もろびとこぞりて」歌ってみた【虹河ラキ】	qnFbT7FOmkw
虹河ラキ	「青い栞」（Arranged by yuigot） ショートver「IMAGINATION vol.1」より【虹河ラキ】	HxnaBlZUd38
虹河ラキ	「惑星ループ」歌ってみた【虹河ラキ】	0SU--Oo5imc
AZKi	【マクロスF】ライオン 歌ってみた AZKi&千条アリア【コラボ】	JJsSEUk8vxc
AZKi	【花譜】糸 歌ってみた AZKi【絡まる意図が濡れて解けなくて】	5Pmt9gVmvmM
AZKi	【花譜】心臓と絡繰 歌ってみた AZKi【この気持ちは全部私のものだ】	jKJ5a7gVkH8
AZKi	【ヨルシカ】ただ君に晴れ 歌ってみた AZKi【君のポケットに夜が咲く】	_JoXN6LdcDY
AZKi	【ずとまよ】秒針を噛む 歌ってみた AZKi【みんなに教えてもらった】	Gni3co__EPI
AZKi	【コレサワ】たばこ 歌ってみた AZKi【JPOP初挑戦！】	UnM2_ddXNYk
AZKi	【私の進化の】二息歩行 歌ってみた AZKi【1ページ目】	aQ6Hir0wlVg
AZKi	【とらドラ！】オレンジ 歌ってみた AZKi【オレンジ】	7o_YL35T93w
AZKi	【セブンティーンな】セブンティーナ 歌ってみた AZKi【フォーチュネス】	qokrSyGZTiM
AZKi	【歌ってみた】イヤイヤちゃんのうた【MIXもAZKi】	f8F8yNVDUEo
AZKi	【ギルティクラウン】My Dearest 歌ってみた AZKi【supercell】	lxJ7SXMEPto
AZKi	【アニソン】only my railgun 歌ってみた AZKi【初挑戦】	O4Oz8Gn6oDY
AZKi	【Do you love】Sweet Devil 歌ってみた AZKi【sweet devil?】	VAvd842cCYM
AZKi	【声を枯らして】Just Be Friends -piano.ver- 歌ってみた AZKi【叫んだ】	SdgFVX0FsgE
AZKi	【1stオリジナルソング】Creating world【開拓するの私の世界】	ZkvtKUQp3nM
AZKi	【2ndオリジナルソング】リアルメランコリー【私と似てる気持ちの君へ】	ad-6W3bazMs
AZKi	【3rdオリジナルソング】フェリシア/AZKi【AZKi WHiTE】	JZTVchX8qJs
AZKi	【4thオリジナルソング】I can't control myself/AZKi【AZKi BLaCK】	tum7dljV2ts
皆守ひいろ	【Cover】いのちの名前 / 皆守ひいろ 【生誕記念】	OPByokAk_C4
皆守ひいろ	【半年記念】心拍数#0822 -piano ver- / 皆守ひいろ 🌻	jcWRtTEIvlQ
皆守ひいろ	【歌ってみた】ぶいちゅっばの歌 / 皆守ひいろ 🌻	MUQTdeDke1M
皆守ひいろ	【１万人記念】ピースサイン -piano ver- / 皆守ひいろ 🌻	oXKnpHOg4Zw
ヒメヒナ	【1周年記念】いーあるふぁんくらぶ【歌って踊ってみた！】	3h6qU080brA
ヒメヒナ	HIMEHINA『 ヒトガタ』MV	J8PUUv4LFkQ
ヒメヒナ	HIMEHINA『ロキ(Cover)』MV	mtb-qa8xvFU
ヒメヒナ	HIMEHINA『太陽系デスコ (Cover)』MV	DdqEdO4EOuU
ヒメヒナ	HIMEHINA『劣等上等(Cover)』MV	il4cAeVzZwI
ヒメヒナ	HIMEHINA『ようこそジャパリパークへ(Cover) 』MV  feat.ばあちゃる48/ねこます	He6NNULUom0
ヒメヒナ	【田中ヒメ耐久】ECHO　女児語で歌って踊ってみた	H2wdu1ndmmI
水瓶ミア	【VTuber】カゲロウデイズ / 水瓶ミア【歌ってみた】	9uLRCpOwM5E
水瓶ミア	Deleted video	MlNZVnInFqg
水瓶ミア	【VTuber】雨とペトラ / バルーン(covered by 水瓶ミア)	v1QrP98m6lo
水瓶ミア	Deleted video	QkCkyTjzxd8
水瓶ミア	【水瓶ミア】ビースト・ダンス - 和田たけあき(くらげP) / Beast Dance - Kurage【歌ってみた】	qMYNR5MycYY
水瓶ミア	【歌ってみた】劣等上等 Giga / 水瓶ミア×獅子神レオナ【VTuber】	ZTQLWq8BYP8
水瓶ミア	【女性が歌う】Flamingo（米津玄師）/ vo.水瓶ミア / SONY 完全ワイヤレスヘッドホン CMソング【VTuber】	sxDsj1-8xcI
水瓶ミア	エメラルドシティ / emerald city - TOKOTOKO(西沢さんP)  feat.水瓶ミア【歌ってみた】	w_i0vzngMIo
水瓶ミア	【オリジナルMV】Booo! - TOKOTOKO（西沢さんP） feat.水瓶ミア【歌ってみた】	A_FSgbyq2bE
水瓶ミア	Deleted video	prQbz59c5W4
水瓶ミア	【歌ってみた】ハートトゥハート / heart to heart  - TOKOTOKO（西沢さんP） feat.水瓶ミア	3OdNuJasK4s
水瓶ミア	【女性が歌う】TEENAGE RIOT（米津玄師） / vo.水瓶ミア / 『GATSBY COP』CMソング【VTuber】	8A1NXt4JyDg
水瓶ミア	Deleted video	qOlgJH1BoUU
水瓶ミア	【歌って作ってみた】いーあるふぁんくらぶ　short ver.【水瓶ミア】	bM_RxY48DUk
水瓶ミア	【歌ってみた】DECO*27 - 妄想感傷代償連盟 feat. 水瓶ミア	bzLI7ovt2hY
因幡はねる	【ねるらん】こちら、幸福安心委員会です。/うたたP 歌ってみたよ【因幡はねる＆日ノ隈らん / あにまーれ】	j25TO8dJopI
因幡はねる	ハロ／ハワユ (hello / How are you) を50,000人記念に歌ってみたよ【因幡はねる / あにまーれ】	4Pj3Xur2kGU
因幡はねる	角田信朗の「よっしゃあ漢唄」を歌ってみたよ【因幡はねる / あにまーれ】	zuvwNhqXG9w
因幡はねる	おねがいダーリン 歌ってみたよ【因幡はねる / あにまーれ】	vkv2Zympksg
シスター・クレア	おねがいダーリン シスター・クレア	1QY4ex7oLd4
シスター・クレア	シスター・クレアイメージソング第一弾「しゅわしゅわナインティーン」	D3aaXlaK0qo
シスター・クレア	シスター・クレアイメージソング第二弾「花に祈りを、あなたに愛を」	JWeasOQUtC4
シスター・クレア	【歌】シスター・クレアイメージソング pray 【第三弾歌わせて頂きました】	KcHmaqme-wU
夜霧メイ	【Eve】ラストダンス 歌ってみた【夜霧メイ】	aZwJ1sF--AQ
夜霧メイ	白い雪のプリンセスは 歌ってみた - 夜霧メイ【Vtuber】	0UQsJAEh2XY
夜霧メイ	【歌ってみた】スイートマジック／夜霧メイ【Vtuber】	0_65Dex9S3k
夜霧メイ	【じーざすP】ぼうけんのしょがきえました！ / vo.夜霧メイ＆多々星シエル【歌ってみた】	BZ3F4vgFugw
夜霧メイ	しんでしまうとはなさけない！ / vo.多々星シエル＆夜霧メイ【歌ってみた】	Y9sefVNyjaU
夜霧メイ	打上花火/DAOKO × 米津玄師(Covered by 花鋏キョウ & 夜霧メイ)	fiY2Dug7U-s
夜霧メイ	【歌ってみた】君の体温／夜霧メイ 【vtuber】	KUgw1imR46E
夜霧メイ	【米津玄師】砂の惑星 feat.初音ミク/ハチ -cover 夜霧メイ【vtuber】	MxH60Se7Myc
夜霧メイ	【歌ってみた】メランコリック/夜霧メイ【vtuber】	Eu-s8pNXaFg
夜霧メイ	【Vtuber】ウミユリ海底譚 by 夜霧メイ【歌ってみた】	wEIicDrerM8
夜霧メイ	【VTuber】ドラマツルギー／夜霧メイ【歌ってみた】	6dmC6jdGI30
ヒヅキミウ	ロキ - みきとP(cover)／ヒヅキミウ【一人で歌ってみた】#012	fjxJAkA567M
ヒヅキミウ	米津玄師 Flamingo / Covered by ヒヅキミウ【歌ってみた】	yN0HVfp3_hI
ヒヅキミウ	ハロ／ハワユ 歌ってみた 【公開収録曲】- ヒヅキミウ #30	5ZbkZ6eq2MQ
ヒヅキミウ	恋愛サーキュレーション歌ってみた【公開収録曲】/ヒヅキミウ	qhEo3Ig1Zp4
ヒヅキミウ	Deleted video	-RuxTCrhRdY
ヒヅキミウ	歌ってみた【ミウカバーまとめpart1】作業用BGM	4lMZ83lE2lM
ヒヅキミウ	だんだん早くなる【歌ってみた】covered by ヒヅキミウ	ZvJ7x145L_0
綺羅星ウタ	ヒバナ／DECO*27（Cover by 綺羅星ウタ）【歌ってみた】	4PiKmy6nFJo
綺羅星ウタ	ベノム / かいりきベア（Cover by 綺羅星ウタ）【歌ってみた】	aOrvFU7OCRE
綺羅星ウタ	ジグソーパズル/綺羅星ウタ【歌ってみた】	i23gojoUB9g
綺羅星ウタ	【女性が歌う】back number / クリスマスソング（Cover by 綺羅星ウタ）【vtuber】	ObE94rXhv18
綺羅星ウタ	愛言葉Ⅲ - DECO*27(Cover) / 綺羅星ウタ【歌ってみた】	mhoCEhPIou8
綺羅星ウタ	【女性が歌う】そっけない/RADWIMPS(Covered by 綺羅星ウタ)	4Z_vNfSZ7iQ
綺羅星ウタ	【艦これOP】海色(みいろ) 歌ってみた ver.綺羅星ウタ	0na5fceNslU
綺羅星ウタ	太陽系デスコ / ナユタン星人(cover) - 綺羅星ウタ【歌ってみた】	ckbIK9sqs98
綺羅星ウタ	【歌ってみた】夜明けと蛍 ／ヨルシカ【cover by 綺羅星ウタ(vtuber)】	5t8H3A8bsAQ
綺羅星ウタ	Hello,Morning／綺羅星ウタver.【歌ってみた】	YaTAFzxuF40
綺羅星ウタ	私、アイドル宣言 ／CHiCO with HoneyWorks【歌ってみた】ver.綺羅星ウタ	24bwcvdWRUU
綺羅星ウタ	【Kagayaki Stars】セツナトリップ／綺羅星ウタ【歌ってみた】	QEXbMZ-k9Ck
綺羅星ウタ	【メンヘラ女が】乙女解剖／綺羅星ウタ【原キーで歌ってみた】	fnWO7cv8YuQ
綺羅星ウタ	【ねぇ〇〇してくれる？///】おねがいダーリン／綺羅星ウタ【歌ってみた】	Irub5EtKgtA
綺羅星ウタ	【獅子神レオナ＆綺羅星ウタ】　再教育　【歌ってみた】	Qs4x4Ko4rAY
綺羅星ウタ	【やっと好きって言えたVtuberが】さよならメモリーズ／綺羅星ウタ【歌ってみた】	q3YqkY9Erc4
双理マイ	【天声に】ダダダダ天使/歌ってみたver.双理マイ【ナナヲアカリ】	yww1XhzPZMY
双理マイ	【天声に】ドナーソング/vo:双理マイ【歌ってみた】	9VhExJPnQEM
双理マイ	【天声に】ダダダダ天使/歌ってみたver..双理マイ【ナナヲアカリ】	Fi1AZKsQ1IU
双理マイ	【中毒性MAXで天声に】無頼ック自己ライザー/vo.双理マイ【歌ってみた】	ONfon5WvejE
双理マイ	【天声に心を込めて】心做し（オリジナルPV）/vo.双理マイ【歌ってみた】	Ih9drJnAYfI
双理マイ	【天声に】ミスター・ダーリン/HoneyWorks/Vo.双理マイ【歌ってみた】	dzjBGDrMfWM
双理マイ	【天声に】愛言葉Ⅲ / vo.双理マイ【愛を込めて歌ってみた】	N1vE_zgnwjc
双理マイ	夢ファンファーレ ／ 花鋏キョウ×双理マイ【歌ってみた】	AAbLoF-zc_8
双理マイ	【OBK‘S】好き！雪！本気マジック【歌ってみた】	d2HPMxnK2x4
双理マイ	【米津玄師】TEENAGERIOT / vo.双理マイ【天声に歌ってみた】	rztdjDiHvWg
双理マイ	小さなライオン ／ 双理マイ×花鋏キョウ【歌ってみた】	kX1Yyv6LWps
双理マイ	【OBK‘S】神のまにまに【歌ってみた】	Inbifi8dDMw
双理マイ	【天声に】君の知らない物語supercell Cover 【LIVEで歌ってみた】	RtBEpiqpO-c
双理マイ	【甘くとろける】チョコレイト・ディスコ/Perfume【歌ってみた】	37HiMdhEsjk
双理マイ	【劇場版SAO】Catch The moment/LiSA-双理マイVer.【歌ってみた】	HOtzFRYyDAg
双理マイ	【天声に】奏−スキマスイッチ−Cover.双理マイ~一週間フレンズ主題歌~【歌ってみた】	jXtbXGN137k
多々星シエル	【OBK'S】桜ノ雨【歌ってみた】	GdRNa72_3hU
多々星シエル	ドラマツルギー by 多々星シエル【歌ってみた】	OiMv0kRLmQU
多々星シエル	tete-a-tete / 多々星シエル【歌ってみた】	iiEJpByh32I
多々星シエル	【OBK‘S】神のまにまに【歌ってみた】	Inbifi8dDMw
多々星シエル	【じーざすP】ぼうけんのしょがきえました！ / vo.夜霧メイ＆多々星シエル【歌ってみた】	BZ3F4vgFugw
多々星シエル	しんでしまうとはなさけない！ / vo.多々星シエル＆夜霧メイ【歌ってみた】	Y9sefVNyjaU
多々星シエル	【OBK‘S】好き！雪！本気マジック【歌ってみた】	d2HPMxnK2x4
多々星シエル	【二人で歌う】Lemon / 多々星シエル×ゆにゆにこ【歌ってみた】	5pXwLz07tXI
多々星シエル	LiSA 『ADAMAS』Cover by 多々星シエル（TVアニメ「ソードアート・オンライン アリシゼーション」OPテーマ）	OYwNrAyzLeI
多々星シエル	【初コラボ】一度だけの恋なら - ゆにゆにこ × 多々星シエル《MV Vtuber》	8l4pVGkapqQ
多々星シエル	【逢いにきて】気まぐれメルシィ / vo.多々星シエル【歌ってみた】	qIUyIOvS8HE
多々星シエル	心做し / 多々星シエル【歌ってみた】	3lJ8-SuZilE
多々星シエル	【女性が歌う】TEENAGE RIOT（米津玄師）/ vo.多々星シエル / 『GATSBY COP』CMソング【VTuber】	xXruNs5kzaA
多々星シエル	【女性が歌う】Flamingo（米津玄師）/vo.多々星シエル/SONY 完全ワイヤレスヘッドホン CMソング【VTuber】	3PC1PnH8JZk
多々星シエル	【カガスタ第2弾ハロウィンソング】『ホーンテッド・パーティナイト』Full Ver.	GPohIBa2sGc
多々星シエル	Sweet Devil ／多々星シエル【歌ってみた】	p2UMfG8w8L0
多々星シエル	恋愛裁判 ／多々星シエル【歌ってみた】	JO72VNKaV5E
多々星シエル	右肩の蝶/多々星シエル 【歌ってみた】	ASDKbi_C0TU
多々星シエル	【歌ってみた】Carry Me Off  / 多々星シエル 【Kagayaki Stars】	3gM0H6jjekU
多々星シエル	ロキ 歌ってみた【多々星シエル×双理マイ】	eAtVu6qtC5s
丑牡てぃあ	少女レイ／みきとP(cover) ver.丑牡てぃあ【歌ってみた】	tZvQdE9aE-8
丑牡てぃあ	世田谷ナイトサファリ／みきとP(cover) ver. 丑牡てぃあ 【歌ってみた】	rzbNDwiKcWY
丑牡てぃあ	ロキ 歌ってみた【丑牡てぃあ】	5OV_rEcDy5Q
丑牡てぃあ	Private video	gnoifR2K_PQ
丑牡てぃあ	Private video	zBNFDXMvUe8
丑牡てぃあ	【歌ってみた】夢ファンファーレ - 丑牡てぃあ × 獅子神レオナ	6tJo5NWpdMQ
千条アリア	【MYTH & ROID】Paradisus-Paradoxum／夜乃ノア【COVER】	nOWwZnjI6lA
千条アリア	【MMD】好き！雪！本気マジック／千条アリア【歌って踊ってみた】	PpXA6T35Nf8
千条アリア	【MMD】おねがいダーリン/千条アリア【歌って踊ってみた】	KEezJNtTx1Y
千条アリア	【花奏かのん×千条アリア】丸の内サディスティック 歌ってみた【誕生日おめでとう】	I0gfcx2GfqY
千条アリア	【千条アリア】少女レイ  みきとＰ【cover】	cbxh9vdwgvI
千条アリア	【千条アリア】DECO*27 - 愛言葉Ⅲ 【cover】	DkSfzGntEmY
千条アリア	パズルガール 歌ってみた【千条アリア】	bMM87E6APOU
千条アリア	おねがいダーリン 歌ってみた【千条アリア】	j7-YXDpD1QE
千条アリア	【即興】風になる を歌ってみた。【千条アリア】	pB7D3WiPdWA
ちくわ	Flamingo - 米津玄師 / (Covered by ちくわ) 歌ってみた	KugjsnbjJEE
ちくわ	【一人二役で】ロキ / ちくわ【歌ってみた】	_xsACc507t4
ちくわ	からくりピエロ  / ちくわ【歌ってみた】	fYR5GhCD-WY
ちくわ	ゴリラ×ちくわオンステージ「Mrs Pumpkinの滑稽な夢/ハチ」	Rx0YE8pKKtQ
ちくわ	君の知らない物語 / ちくわ【歌ってみた】	NDKSDxhQxtc
ちくわ	シャルル / ちくわ【歌ってみた】	XNS90rp_9kY
ちくわ	ゴリラ×ちくわオンステージ「打上花火/DAOKO×米津玄師」	SYjZMjAhgmo
ちくわ	【SAO】Crossing Field / ちくわ【歌ってみた】	5jEEc-738iE
ちくわ	【カードキャプターさくらOP】プラチナ / ちくわ【歌ってみた】	IpO7S8o2NQ8
ちくわ	【セーラームーン】ムーンライト伝説 / ちくわ【歌ってみた】	X3SyK4TpIx8
ちくわ	すーぱーぬこわーるど / ちくわ【歌ってみた】	OiXNiC-3MgE
ちくわ	エイリアンエイリアン / ちくわ 【歌ってみた】	M86C3Mo4Ro8
ちくわ	廃都アトリエスタにて / (Covered by ちくわ) 歌ってみた	PwQVUMuEPsY
ちくわ	灰色と青 - 米津玄師+菅田将暉 / (Covered by ちくわ&竹花ノート) 歌ってみた	kp6iiW_wMrY
星乃めあ	Say チーズおかき - キズナアイ(Cover) / 星乃めあ【歌ってみた】	FyGdXbXti74
星乃めあ	桜ノ雨 - 初音ミク (Cover) / 星乃めあ【歌ってみた】	VWB1saZriLA
星乃めあ	【替え歌】 チカっとチカ千花っ♡ (めあっとめあめあっ♡) / 星乃めあ【歌ってみた】TVアニメ『かぐや様は告らせたい～天才たちの恋愛頭脳戦～』ED	A3UyLe4pB28
星乃めあ	Private video	JFBGICXTfgs
星乃めあ	チカっとチカ千花っ♡ - 藤原千花 (Cover) / 星乃めあ【歌ってみた】TVアニメ『かぐや様は告らせたい～天才たちの恋愛頭脳戦～』ED	jaN7Dq_dz9w
星乃めあ	ヒトガタ - HIMEHINA (Cover) / 春原つくし × 星乃めあ【歌ってみたコラボ】TVアニメ「バーチャルさんはみている」ED曲 ヒメヒナ	DBqzISyJ1YA
星乃めあ	ゴーストルール - DECO*27 (Cover) / 星乃めあ【歌ってみた】	2LN89yS2fek
星乃めあ	カワキヲアメク - 美波(弾き語りCover) / 星乃めあ【歌ってみた】（TVアニメ「ドメスティックな彼女」オープニングテーマ）	yjScEL0MBIE
星乃めあ	ピースサイン - 米津玄師(Cover) / 星乃めあ【歌ってみた】TVｱﾆﾒ「僕のヒーローアカデミア」OPテーマ Kenshi Yonezu / Peace Sign	n4R8Re2ObTA
星乃めあ	星間飛行 - ランカ・リー(cover) / 星乃めあ【歌ってみた】TVアニメ『マクロスF』オープニングテーマ	iqPdlMS5QGY
星乃めあ	ルーティン - かしこまり(アコースティックCover) / 星乃めあ【歌ってみた】	qzXm-qz7xJ4
星乃めあ	ジェットロケット - LiSA(弾き語りCover) / 星乃めあ【歌ってみた】	72JaxPvT2Cs
星乃めあ	透明声彩 - YuNi(弾き語りCover) / 星乃めあ【歌ってみた】	lVB_FrPxkS4
星乃めあ	【原キー】乙女解剖 - DECO*27(Cover) / 星乃めあ【歌ってみた】オリジナルMV	bYKLPlyIWdk
星乃めあ	夜行性ハイズ - DECO*27(Cover) / 星乃めあ【歌ってみた】	8ZRA5DcUSKU
星乃めあ	眩しいDNAだけ - ずっと真夜中でいいのに。(弾き語りCover) / 星乃めあ【歌ってみた】	maE8K0GyHWY
星乃めあ	太陽系デスコ - ナユタン星人(Cover) / 星乃めあ【歌ってみた】	Braty2YdYHQ
星乃めあ	天使にふれたよ - 放課後ティータイム(Cover) / 星乃めあ【歌ってみた】TVアニメ『けいおん!!』挿入歌	cMGqk5wbdPQ
星乃めあ	エイリアンエイリアン - ナユタン星人(Cover) / 星乃めあ【歌ってみた】	AF1MkAWkWQI
星乃めあ	恋のマシュマロ - たすくこま(Cover) / 星乃めあ【歌ってみた】	UVI9-GCNgLA
星乃めあ	雪の華 - 中島美香(Cover) / 星乃めあ【歌ってみた】映画『雪の華』2019年2月1日（金）公開	umbh3EYFguY
星乃めあ	生きていたんだよな - あいみょん(弾き語りCover) / 星乃めあ【歌ってみた】ドラマ「吉祥寺だけが住みたい街ですか？」オープニングテーマ	VhLBHYNMkjQ
星乃めあ	恋愛サーキュレーション - 千石撫子(花澤香菜) / 星乃めあ【歌ってみた】TVアニメ「化物語」OPテーマソング	ARg70WccJYI
星乃めあ	IGNITE - 藍井エイル(cover) / 星乃めあ【歌ってみた】TVアニメ『ソードアート・オンラインⅡ』OPテーマ曲	Jz_I0jS3rFk
星乃めあ	オーケストラ - BiSH(cover) / 星乃めあ【歌ってみた】	7XxOQY5p68U
星乃めあ	完全感覚ドリーマー - ONE OK ROCK(cover) / 星乃めあ【歌ってみた】※TBS系テレビ「あらびき団」 ２・３月度エンディングテーマ	TspYPWB_Tlw
星乃めあ	【歌ってみた】2018年総まとめ～デビューからの道のり～【Vsinger - 星乃めあ - 】	BmRjgEZEc3g
星乃めあ	Catch the Moment - LiSA(cover) / 星乃めあ【歌ってみた】「劇場版 ソードアート・オンライン -オーディナル・スケール-」主題歌	JyAW0uBpnyE
星乃めあ	【歌ってみたコラボ】水樹奈々×T.M.Revolution『革命デュアリズム』- 星乃めあ × たすくこま【オリジナルMV】TVアニメ「革命機ヴァルヴレイヴ」2nd SEASON オープニングテーマ	N7K8vAyhtYg
星乃めあ	シャルル - バルーン(cover) / 星乃めあ【歌ってみた】	XpKVXi4YatA
星乃めあ	【歌ってみた】ときのそら × アゴアニキ「海より深い空の下」- 星乃めあ【オリジナルMV】	EM1dnCcA7Yw
星乃めあ	【歌ってみた】ときのそら × はるまきごはん「そんな雨の日には」- 星乃めあ【オリジナルMV】	7CpvLw6WnfM
星乃めあ	Pop Virus - 星野源(弾き語りcover) / 星乃めあ【歌ってみた】	a6dJ-WDWbQ0
星乃めあ	アスノヨゾラ哨戒班 - Orangestar(cover) / 星乃めあ【歌ってみた】	1bpz72f1Wvg
星乃めあ	ハッピーエンド - back number(cover) / 星乃めあ【歌ってみた】映画「ぼくは明日、昨日のきみとデートする」主題歌	h9dBTEt_grU
星乃めあ	【歌ってみた】レイメイ - さユり×MY FIRST STORY　うた：星乃めあ×たすくこま【TVアニメ『ゴールデンカムイ』第2期のオープニングテーマ】	3MXSUzo-szg
星乃めあ	【歌ってみた】たすくこま「もしもこれが恋だと知っても」- 星乃めあ【cover】	X1s5elUyZiM
星乃めあ	オールドファッション - back number(cover) / 星乃めあ【歌ってみた】TBS系 金曜ドラマ「大恋愛～僕を忘れる君と」主題歌	6s7yNeQZz9Q
星乃めあ	粉雪 - レミオロメン(cover) / 星乃めあ【歌ってみた】	2trUEIZT-HQ
星乃めあ	【歌ってみた】ときのそら × シグナルP「Wandering Days」- 星乃めあ【オリジナル・ボカロPコラボ第2弾】	vozjCNxLQOQ
星乃めあ	クリスマスソング - back number(cover) / 星乃めあ【歌ってみた】『5→9～私に恋したお坊さん～ 』主題歌	gSkVAujpA5E
星乃めあ	【歌ってみた】DAOKO × 米津玄師『打上花火』- 星乃めあ × たすくこま【コラボ】 映画「打ち上げ花火、下から見るか？横から見るか？」主題歌	fUDIV1Mrlvw
星乃めあ	【女性が歌う】米津玄師 「Lemon」- 星乃めあ【オリジナルMV】紅白出演おめでとうございます！TBS金曜ドラマ「アンナチュラル」主題歌	4HZIKzKo-zY
星乃めあ	愛言葉Ⅲ - DECO*27(cover) / 星乃めあ【歌ってみた】	IjVWaqEueqU
星乃めあ	【女性が歌う】米津玄師 「Flamingo」(Covered by 星乃めあ)紅白出演おめでとうございます！/ソニー 完全ワイヤレスヘッドホン CMソング	DEmNpwvsdnE
星乃めあ	【歌ってみた】米津玄師 「TEENAGE RIOT」- 星乃めあ【オリジナルMV】紅白出演おめでとうございます！『GATSBY COP』CMソング	65t-hpvhLLI
星乃めあ	【歌ってみた】未練レコード / 星乃めあ【ときのそら × 40mP】	S8TT0PEQ2v4
星乃めあ	モザイクロール - DECO*27(cover) / 星乃めあ【歌ってみた】	tCtZN7lRI0Y
星乃めあ	砂の惑星 - ハチ(米津玄師) / 星乃めあ【歌ってみた】初音ミク「マジカルミライ2017」テーマソング	aU6FDM_vsO4
星乃めあ	God knows... - 涼宮ハルヒ(cover) / 星乃めあ【歌ってみた】TVアニメ「涼宮ハルヒの憂鬱」挿入歌	UxndtiYKJyg
星乃めあ	Lost my music - 涼宮ハルヒ(cover) / 星乃めあ【歌ってみた】TVアニメ「涼宮ハルヒの憂鬱」挿入歌	XO016FUEOYM
星乃めあ	ムーンライト伝説 / 美少女戦士セーラームーン - cover by 星乃めあ	I1VfyIQsQEI
星乃めあ	【自己紹介】はじめまして♪星乃めあです٩( 'ω' )و【バーチャル歌姫】	1CZSN3E0aaY
かぐらなな	トリノコシティ(coverd by カグラナナ)	nYxuxiEWK38
かぐらなな	♡メランコリック EUROBEAT.ver♡/カグラナナ	bv3jPFYpruc
朝ノ姉妹	Snow halationをサビだけ歌ってみた【朝ノ光】	UR72t0xX5hw
朝ノ姉妹	『you』アカペラで歌ってみた【朝ノ瑠璃】	rwNis9LzU4U
朝ノ姉妹	【ボカロ】千本桜 feat 初音ミク by 朝ノ瑠璃	I1OBfmDMuUw
朝ノ姉妹	『ダイアモンドクレバス』アカペラで歌ってみた【朝ノ瑠璃】	XJw0aA81phI
朝ノ姉妹	【歌ってみた】ハイカラ浪漫 by 朝ノ瑠璃	WMdJNRqHqY4
朝ノ姉妹	🔴【朝ノ瑠璃】はじめての生放送【生歌配信】	jftpaRniXik
朝ノ姉妹	Happy Birthday!!キズナアイさん！【朝ノ光、朝ノ瑠璃】	PCAdIc_SLGk
朝ノ姉妹	🔴【朝ノ瑠璃】お姉ちゃんと生電話しませんか？【凸待ち生放送】	rxxGelPGf9Q
朝ノ姉妹	🔴【朝ノ瑠璃】いっぱい動きます💙💙💙 【ゲリラ生放送】	0NAxI9PEfEI
朝ノ姉妹	🔴【朝ノ瑠璃】100曲チャレンジ前夜祭 【雑談配信】	h3W49LmokWA
朝ノ姉妹	Private video	opExJrHiz5M
朝ノ姉妹	Private video	lI6K_qWmThA
朝ノ姉妹	Private video	rA5BXs6puc0
朝ノ姉妹	Private video	CgO4BnBKKqM
朝ノ姉妹	Private video	LT874_ZXEbs
朝ノ姉妹	🔴【朝ノ瑠璃】100曲チャレンジ～夏！・奈々様縛り・Acid Black Cherry縛り編～	4T5WG81AyfY
朝ノ姉妹	🔴【朝ノ瑠璃】100曲チャレンジ～世代編～	_W_g6b5pSmA
朝ノ姉妹	🔴【朝ノ瑠璃】100曲チャレンジ～BLEACH＆銀魂縛り～【生歌放送】	ZjAigmvq9RE
朝ノ姉妹	Private video	B4ZIGDxrulw
朝ノ姉妹	【朝ノ瑠璃】拍手喝采歌合 歌ってみた	0bpHJTb3dbA
朝ノ姉妹	【朝ノ瑠璃】100曲チャレンジ振り返り生放送【歌のみ抜粋】	mpxqwN1FgWU
朝ノ姉妹	【2019年も】Happy Song cover by 朝ノ瑠璃【皆に幸あれ！】	G8W8jJvraWQ
朝ノ姉妹	【朝ノ瑠璃】magnet 歌ってみた【琴みゆり】	pmXOjEe61pM
朝ノ姉妹	【コラボ】からくりピエロ 歌ってみた - 琴みゆり × 朝ノ瑠璃	VUNd8LYacNU
KNMZ LITA	丸の内サディスティック - 椎名林檎(Cover) / #KMNZ LITA	VhyOgpL-NTg
KNMZ LITA	心做し - 蝶々P(Cover) / KMNZ LITA	qjpMiegDnPw
KNMZ LITA	Strawberry Chips - HALCALI (Cover) / KMNZ	8WRdfXYwuWU
KNMZ LITA	琥珀色の街、上海蟹の朝 - くるり(Cover) / KMNZ LITA	VrxmX_gVmnI
KNMZ LITA	水星 - tofubeats feat, オノマトペ大臣(Cover)  / KMNZ LITA with YACA	DFkSCdbwdZY
KNMZ LITA	小沢健二 - 強い気持ち・強い愛 (Cover) / KMNZ	Kw7y012xO7Y
KNMZ LITA	小沢健二 featuring スチャダラパー - 今夜はブギー・バック(Cover) / KMNZ	BhWq-ceJa5k
KNMZ LITA	歌舞伎町の女王 - 椎名林檎(Cover) / KMNZ LITA	fTFW0ziumfM
KNMZ LITA	スチャダラパー - サマージャム '95(Cover) / KMNZ	VFkUSaO8cqQ
KNMZ LITA	コレサワ - たばこ(Cover) / KMNZ LITA	Co1Nx3YC8fM
KNMZ LITA	能動的三分間 - 東京事変(Cover) / KMNZ LITA	dFI4axmXFGo
KNMZ LITA	色彩のブルース - EGO-WRAPPIN' (Cover) KMNZ LITA	AoBQYdzVLug
KNMZ LIZ	chocolate box - dezzy(一億円P) Cover / KMNZ LIZ リズ	mMsQXpfP4Ro
KNMZ LIZ	Nectar - まふまふ feat. nqrse(Cover) / KMNZ LIZ リズ	NFp3KSTYirM
KNMZ LIZ	シャルル - バルーン(Cover)/ KMNZ LIZ	dIsAIyTm0Gs
KNMZ LIZ	ふわふわ時間 - けいおん!(Cover) / KMNZ LIZ	aIisOUoZIhc
KNMZ LIZ	Happy Halloween - Junky(Cover) / KMNZ ケモノズ	NXwcJa73BoU
KNMZ LIZ	さようなら、花泥棒さん - メル(Cover) / KMNZ LIZ リズ	RLpRiyblt-s
KNMZ LIZ	愛言葉Ⅲ - DECO*27(Cover) / KMNZ LIZ	nQQ6BUvsdFQ
KNMZ LIZ	もってけ！セーラーふく - らき☆すた(Cover)  / KMNZ	CEO2EOPJ25A
KNMZ LIZ	メランコリック - Junky feat.鏡音リン(Cover)  / KMNZ LIZ リズ	VEsIJeJ9pl0
KNMZ LIZ	そばかす - JUDY AND MARY(Cover)  / KMNZ LIZ リズ	QIBY5NPmNDs
KNMZ LIZ	太陽系デスコ - ナユタン星人(Cover) / KMNZ LIZ リズ	ggO4A8viiPI
KNMZ LIZ	LUVORATORRRRRY! - ギガP(Cover) / KMNZ ケモノズ	puq0ZayTaAs
KNMZ LIZ	少女レイ - みきとP (Cover) / KMNZ LIZ	3PqeQQxTGhI
KNMZ LIZ	金星のダンス - ナユタン星人(Cover) / KMNZ LIZ	PPkbBhQ6Cq4
KNMZ LIZ	ロキ - みきとP(Cover) / KMNZ LIZ	EIbvKSUeta0
KNMZ LIZ	翡翠のまち - メル(Cover) / KMNZ LIZ	s-Dzjq9SdwU
鈴鹿詩子	【BGクラブ】脳漿炸裂ガール 歌ってみた - 森中花咲×鈴鹿詩子×モイラ【オリジナルMV】cover	-BZXZvOnRK0
鈴鹿詩子	【自作MV】シャルル 歌ってみた。【鈴鹿詩子】Charles Cover	WGXkz1VGXVM
鈴鹿詩子	U.S.A./DA PUMP　限界腐女子な歌のお姉さんVTuberが歌ってみた（鈴鹿詩子）Cover By Utako suzuka	i003sNLSvU4
鈴鹿詩子	【恋愛サーキュレーション】歌ってみた。 Renai Circulation - Bakemonogatari Cover By Utako suzuka	FXwlyNlC-20
鈴鹿詩子	「ダンスロボットダンス」歌ってみた【鈴鹿詩子】Dance Robot Dance [Nayutan Seijin] Cover By Utako suzuka	L4Tz3tER5MA
鈴鹿詩子	「Girls」（Easy Pop様）アカペラで歌わせて頂きました！	osRNtNYZ41c
鈴鹿詩子	『おねがいダーリン』アカペラで歌わせて頂きました。onegai darling! A cappella Cover by Utako Suzuka	9McF4pK8QDg
鈴鹿詩子	【君の名は。】 なんでもないや / RADWIMPS (cover)鈴鹿詩子【聖地でのオリジナルPV】Nandemonaiya "Your Name"/Utako Suzuka	z8-DH73uCxA
蒼月エリ	【Cover】なんでもないや／RADWIMPS【蒼月エリ / ハニスト】	5gO-nlvSCUE
蒼月エリ	【弾き語りしてみた】花瓶の花／石崎ひゅーい【蒼月エリ / ハニスト】	nDnZYl5DEmM
蒼月エリ	【歌ってみた】ぶいちゅっばの歌【蒼月エリ / ハニスト】	CHfPfd2fQZk
蒼月エリ	【女性が歌う】米津玄師 「Flamingo」／Covered by 蒼月エリ【歌ってみた】	rEdGV2p5nzc
ゆにゆにこ	【Sword Art Online Alicization OP】ADAMAS / LiSA - ゆにゆにこ《Vtuber, MV》	CE3O9w88BL4
ゆにゆにこ	【米津玄師】砂の惑星 / ハチ - ゆにゆにこ《Vtuber, MV》	mm424gCdVNM
ゆにゆにこ	【二人で歌う】Lemon / 多々星シエル×ゆにゆにこ【歌ってみた】	5pXwLz07tXI
ゆにゆにこ	【初コラボ】一度だけの恋なら - ゆにゆにこ × 多々星シエル《MV Vtuber》	8l4pVGkapqQ
ゆにゆにこ	【踊れるんだぞ？】太陽系デスコ / ナユタン星人 - ゆにゆにこ《MV, Vtuber》	sFdLZaBh0kQ
ゆにゆにこ	【歌ってみた】『愛言葉Ⅲ』/ DECO*27 - ゆにゆにこ《MV Vtuber》	gaZRrmObN5E
ゆにゆにこ	【女性が歌う】『TEENAGE RIOT』/ 米津玄師 - ゆにゆにこ《MV Vtuber》	9A80XFgSP0Q
ゆにゆにこ	【女性が歌う】『Flamingo』/ 米津玄師 Covered by ゆにゆにこ / 歌ってみた【MV Vtuber Sony CMソング】	RVKn_efveuk
ゆにゆにこ	StarRingChild／Aimer cover by ゆにゆにこ《機動戦士ガンダムUC GUNDAM UNICORN》	IPtyRBP9AII
琴みゆり	【歌ってみた】DECO*27 - 夜行性ハイズ（cover）琴みゆり【vtuber】	lD_X-5bffsI
琴みゆり	【女性が歌う】ドラマツルギー/Eve (+1キー)by 琴みゆり【歌ってみた】	GzLcZrj8ZHg
琴みゆり	LiSA 『ADAMAS』- (Full) ソードアート・オンライン アリシゼーション OP 【covered by 琴みゆり】	ntaOucZv4z8
琴みゆり	【コラボ】からくりピエロ 歌ってみた - 琴みゆり × 朝ノ瑠璃	VUNd8LYacNU
琴みゆり	シャルル／琴みゆり【歌ってみた】	IRJ0LTQLj70
琴みゆり	『少女レイ』／みきとP（covered by 琴みゆり）【歌ってみた】	cEZ23zApOfc
琴みゆり	『青空のラプソディ』／fhána（covered by 琴みゆり）【小林さんちのメイドラゴン OP】【歌ってみた】	0LzZX_gccLA
琴みゆり	『oath sign』／LiSA（covered by 琴みゆり）【Fate/Zero OP】【歌ってみた】	3c0hB3D3LoA
琴みゆり	空色デイズ  / 中川翔子 （covered by 琴みゆり）【天元突破グレンラガン】	-w1eurnd_K8
琴みゆり	『Good-bye days』／YUI（covered by 琴みゆり）【歌ってみた】	PO_CaYwDxXk
琴みゆり	『恋』／琴みゆり【歌ってみた】	9H-hp_9uoXI
琴みゆり	『ハッピーシンセサイザ』／covered by 琴みゆり＆射貫まとい【歌ってみた】	QJAte_EbFdc
琴みゆり	Hello, Morning／琴みゆりver【歌ってみた】	fwl7DxDck5E
琴みゆり	ASCA 『RESISTER』(ソードアート・オンライン アリシゼーション OPテーマ)【歌ってみた】	VrtHiCIqeys
神楽めあ	♡01♡『ビースト・ダンス』歌ってみたっ。【神楽めあ】	UonWUmb8oV0
神楽めあ	♡02♡『愛言葉Ⅲ』歌ってみたっ。【神楽めあ】	Wc_P4NLtcBM
神楽めあ	【神楽めあ】　♦　ヒトリゴト　歌ってみた　♦　【千草はな】	VjbYpx-Hw-g
神楽めあ	【オリジナルPV】廃都アトリエスタにて【神楽めあ× 卯月コウ】	M6esqi1cnEE
神楽めあ	♡03♡『Flamingo』歌ってみたっ。【神楽めあ】	dbN3cFEaptU
神楽めあ	バレリーコ / by 神楽めあ×犬山たまき【歌ってみた】	r7FFXJFKm5k
ときのそら	ドーナツホール #アメノセイ #ときのそら 【歌ってみた】	bcwApgI4fXo
ときのそら	【らき☆すた】『もってけ！セーラーふく』歌ってみた - ときのそら × Alt！【がんばって再現してみた】	zGT2mkZVtbI
ときのそら	ときのそら デビューアルバム「Dreaming!」 Trailer	HWRyclm_qhg
ときのそら	【ときのそら×キノシタ】Dream☆Story【オリジナル曲・キャラソン】	rbd-m8r5Ujs
ときのそら	【侵略されて】エイリアンエイリアン 歌ってみた - ときのそら【踊ってみた】	NT6Pf28eCgQ
ときのそら	【ときのそら × アゴアニキ】海より深い空の下【オリジナル・ボカロPコラボ第4弾】	nP5mhWX2i0Q
ときのそら	【ときのそら × はるまきごはん】そんな雨の日には【オリジナル・ボカロPコラボ第3弾】	MjkDaUwPzkU
ときのそら	檄!帝国華撃団 by燦鳥ノム・富士葵・ときのそら【歌ってみた】	35fKzdDH654
ときのそら	【ときのそら × シグナルP】Wandering Days【オリジナル・ボカロPコラボ第2弾】	Z9oZ4r0cxME
ときのそら	【歌ってみた】アスノヨゾラ哨戒班【ときのそら】	QYpkewF8ECA
ときのそら	【コラボ】Mrs.Pumpkinの滑稽な夢 女子4人で歌ってみた - そら×まり×アオ×YuNi	gb_jfOQd64c
ときのそら	【ときのそら × 40mP】未練レコード【オリジナル・ボカロPコラボ第1弾】	yVxmv4oqPzs
ときのそら	【歌ってみた】rain stops, good-bye / におP【事務員Gさんのピアノにのせて】	FrdLDOeMoyg
ときのそら	【歌ってみた】海を泳ぐ月【ときのそら】	RKigW0TteZY
ときのそら	【歌ってみた】サンドリヨン / ときのそら & バーチャルゴリラ	zsBD66Sa5Yg
ときのそら	【歌ってみた】メランコリック【ときのそら】	zcU6WIaT9DA
ときのそら	【ときのそら×アズマリム】2人でmagnet【歌ってみた】	Ec3DZ5xaWuA
ときのそら	【MMD公開】太陽系デスコ/ときのそら【歌ってMMDで踊ってみた】	wHw3jSvZxNI
ときのそら	【一緒に歌お♪】そらともどうぶつようちえん - nozakita kazumi【そらとも提供曲】	D7qezulISyU
ときのそら	【歌ってみた】おかえり - 瀬名航【soraSong】	owwXwGXUm0g
ときのそら	【Cover】Snow halation/μ’ｓ - ときのそら×富士葵コラボ「そらあお」で歌ってみた	xDE3MSAK_DY
ときのそら	【Cover】ライオン／May'n/中島愛 - 富士葵×ときのそらコラボ「そらあお」で歌ってみた	rn54OXCuTZs
ときのそら	【歌ってみた】あの日見た空 - 山田アルテミス【soraSong】	Pgmleabc1nQ
ときのそら	【歌ってみた】わたしとあなたと皆さまと！ - 逆襲の明智【soraSong】	pKASI4dEG3A
ときのそら	【歌ってみた】夢色アスタリスク - ていくる【soraSong】	kTV6uSmiXEw
ときのそら	【歌ってみた】木の芽時の空 - 路地裏ロジック【soraSong】	BvlCYJ1XZ3Y
