かしこまり	カカカタ☆カタオモイ-c / ヒャダイン ( cover by かしこまり & yuni )	カカカタ☆カタオモイ-c	O1qCN4UEZqU
かしこまり	クリスマスソング / back number ( cover by かしこまり )	クリスマスソング	l-RLPc55zb4
かしこまり	ヒロイン / back number ( cover by かしこまり )	ヒロイン	19nG-IhWY6Q
かしこまり	めざせポケモンマスター / 松本梨香 ( cover by かしこまり & パンディ )	めざせポケモンマスター	f4P9USTBXis
かしこまり	ワールドイズマイン / 初音ミク ( cover by かしこまり )	ワールドイズマイン	jTT9bwuUMfM
かしこまり	若者のすべて / フジファブリック ( cover by かしこまり)	若者のすべて	CbCil5dUAY8
かしこまり	i want you back / twice ( cover by かしこまり & 響木アオ )	i want you back	rlLlwMBEoDk
かしこまり	lemon / 米津玄師 ( cover by かしこまり )	lemon	VXAMuERH0Gg
かしこまり	夜咄ディセイブ / ia ( cover by かしこまり & 樋口楓 )	夜咄ディセイブ	vcU_AUayrio
かしこまり	打上花火 / daoko × 米津玄師 ( cover by かしこまり )	打上花火	Rz9aLowL5ck
かしこまり	シュガーソングとビターステップ / unison square garden( cover by かしこまり )	シュガーソングとビターステップ	GRh8XiHnXpw
かしこまり	hanabi / mr.children( cover by かしこまり )	hanabi	_PElpN136WU
かしこまり	いけないボーダーライン / ワルキューレ ( cover by かしこまり & おめシス  )	いけないボーダーライン	uB8aRwh8fZY
かしこまり	god knows... / 涼宮ハルヒ ( cover by かしこまり )	god knows...	JkBg88ot3sU
かしこまり	天体観測 / bump of chicken( cover by かしこまり )	天体観測	P7xs61SZytw
かしこまり	タマシイレボリューション / superfly ( cover by かしこまり )	タマシイレボリューション	Hbvh3A-MEao
かしこまり	ひまわりの約束 / 秦基博 ( cover by かしこまり )	ひまわりの約束	zChKL_uQv58
かしこまり	コネクト / claris ( cover by かしこまり )	コネクト	AQCL88Upry4
かしこまり	君の知らない物語 / supercell ( cover by かしこまり )	君の知らない物語	Xkyy4gSVma8
かしこまり	ギリギリchop / b’z( cover by かしこまり )	ギリギリchop	s9HSfrSsIGI
かしこまり	渡月橋 〜君 想ふ〜 / 倉木麻衣( short cover by かしこまり )	渡月橋 〜君 想ふ〜	UJORIzfM0sM
かしこまり	そばかす / judy and mary( cover by かしこまり )	そばかす	h6Ouxk7Pi30
かしこまり	1/3の純情な感情 / siam shade ( short cover by かしこまり )	1/3の純情な感情	2fuldLfhZd8
かしこまり	やさしさに包まれたなら / 荒井由実 ( cover by かしこまり )	やさしさに包まれたなら	cOtT55-SH4k
かしこまり	youthful / 99radioservice ( short cover by かしこまり )	youthful	hwrQxVIkPMs
かしこまり	星間飛行 / ランカ・リー(中島愛)( cover by かしこまり )	星間飛行	pkL5Lvu1kWM
かしこまり	カタオモイ / aimer ( cover by かしこまり )	カタオモイ	GyF85OjYhuQ
かしこまり	サイレントマジョリティー / 欅坂46 ( short cover  by かしこまり )	サイレントマジョリティー	91wjDz4z5Sw
かしこまり	メルト / 初音ミク ( cover by かしこまり )	メルト	wRmYHK14yyI
YuNi	【5人で前夜祭】 バレンタイン・キッス 歌ってみた - 樋口楓×因幡はねる×響木アオ×シスター・クレア×yuni	バレンタイン・キッス	LhxFEWOoMgI
YuNi	【japanese ver】 shallow lady gaga & bradley cooper 歌ってみた - yuni	shallow	aApLaFDDUJw
YuNi	【イケメン(yuni)降臨】雨とペトラ 歌ってみた - yuni	雨とペトラ	ilp0naZ1WQU
YuNi	【キングダムハーツ】光 歌ってみた - yuni【イヤホン推奨】	光	mGsAixlq7tg
YuNi	【バターにすっぞ】帝国少女 歌ってみた - yuni	帝国少女	CPKLZq7RYhA
YuNi	【眠りにつく】白い雪のプリンセスは 歌ってみた - yuni	白い雪のプリンセスは	PaO5P_wfRZk
YuNi	【謹賀新年🎍】ウィーアー! yuniと愉快な乙女丸達で歌ってみた	ウィーアー!	EgrGP8ljX8o
YuNi	【ゆにサンタ🎅🏻】赤鼻のトナカイ 歌ってみた - yuni	赤鼻のトナカイ	HcK5fb4vYbk
YuNi	【メリクリ🎄】クリスマスソング 歌ってみた -yuni 【backnumber】	クリスマスソング	NQ97uD3od5I
YuNi	【yuniの推し曲】ひなげし 歌ってみた - yuni【いきものがかり】	ひなげし	lx_amBRRwZI
YuNi	【祝☆半年記念日】ロキ コラボで歌ってみた - かしこまり×yuni 【みきとp】	ロキ	mxKCX19vIZg
YuNi	【そんなわけないや】ヒバナ 歌ってみた - yuni	ヒバナ	uaKIi_UhsNo
YuNi	【ダフニー】flos 歌ってみた - yuni	flos	OF5MVNyiF38
YuNi	【yuniアレンジ】奏 歌ってみた - yuni	奏	y2ZbEta0ugw
YuNi	【そんな名前の人は知らない!】 adrenaline!!! 歌ってみた - yuni 【エロマンガ先生】	adrenaline!!!	teNRF5U_tCQ
YuNi	【どうしようもないまんま】ドーナツホール 歌ってみた - yuni	ドーナツホール	xv92LLMA3J8
YuNi	【冬の風の匂いがした】夜空ノムコウ 歌ってみた - yuni	夜空ノムコウ	MwVVsS2BkkE
YuNi	【乙女丸が大炎上?!】pressure 歌ってみた -yuni【muse】	pressure	Mgnecjs9B8E
YuNi	【コラボ】脳漿炸裂ガール 歌ってみた - 天神子兎音×yuni	脳漿炸裂ガール	CYpOUcLtwT0
YuNi	【コラボ】mrs.pumpkinの滑稽な夢 女子4人で歌ってみた - そら×まり×アオ×yuni	mrs.pumpkinの滑稽な夢	gb_jfOQd64c
YuNi	【コラボ】 happy halloween 女子3人で歌ってみた - おめシス × yuni	happy halloween	l71rBXM1Rgg
YuNi	【ハァイッ!!】ultra soul 歌ってみた - yuni【b'z】	ultra soul	jRfTfVeZavs
YuNi	【ル〜ララ〜】ロビンソン 歌ってみた - yuni【スピッツ】	ロビンソン	3lg9Y3uyRqQ
YuNi	【ねぇそうだろう?】ヴォイス 歌ってみた -yuni 【ポルノグラフィティ】	ヴォイス	regESypj-2w
YuNi	【昭和の名曲】まちぶせ 歌ってみた - yuni 【石川ひとみ】	まちぶせ	HgpLzXrE_XA
YuNi	【#ゆにアート】 tell your world 歌ってみた - yuni	tell your world	sLMDss_VV4E
YuNi	【愛が!】さよならエレジー 歌ってみた【菅田将暉】	さよならエレジー	VpYIJ76Gs6k
YuNi	【アイムアルーザー】loser 歌ってみた【米津玄師】	loser	_MsMoRpvJD0
YuNi	【君の膵臓をたべたい】 春夏秋冬 歌ってみた - yuni 【sumika】	春夏秋冬	aQnFn7013uQ
YuNi	【yuni落下】アスノヨゾラ哨戒班 歌ってみた - yuni	アスノヨゾラ哨戒班	oP4bzAOmFos
YuNi	【舌が召された】ブリキノダンス 歌ってみた - yuni	ブリキノダンス	vKcOfhAAgeg
YuNi	【ジーザス!!】恋愛裁判 歌ってみた - yuni	恋愛裁判	zqMWChfzTkI
YuNi	【愚者のメロディー】妄想感傷代償連盟 歌ってみた - yuni	妄想感傷代償連盟	jlcXiaiG2IY
YuNi	【逃げちゃダメだ】残酷な天使のテーゼ 歌ってみた - yuni 【新世紀エヴァンゲリオン】	残酷な天使のテーゼ	-Sp2pM-whLw
YuNi	【眼球全開】ラプンツェル 歌ってみた - yuni	ラプンツェル	vE3GNxYFawc
YuNi	【コラボ】からくりピエロ 歌ってみた - 響木アオ × yuni	からくりピエロ	FCRRxX5PoX4
YuNi	【愛してくれ】シャングリラ 歌ってみた - yuni【チャットモンチー】	シャングリラ	E87JNpw_prI
YuNi	【生きろ】命に嫌われている。 歌ってみた - yuni	命に嫌われている。	85LtMbcugjI
YuNi	【猛暑対策】white breath 歌ってみた - yuni 【t.m.revolution】	white breath	n7LNDJFHukw
YuNi	【わたしのヒカリ】lemon 歌ってみた(生歌) -yuni 【米津玄師】	lemon	NIOIRrLpYJU
YuNi	【甲子園につれてって!】タッチ 歌ってみた(生歌) - yuni	タッチ	EAhwdJpODsM
YuNi	【うー!にゃー!】太陽曰く燃えよカオス 歌ってみた(生歌) - yuni 【這いよれ!ニャル子さん】	太陽曰く燃えよカオス	6TcYk_qGshM
YuNi	【苦手発覚】crossing field 歌ってみた(生歌) - yuni 【ソードアート・オンライン】	crossing field	DGJAG7JH8Go
YuNi	【初コラボ】 ペガサス幻想 小宇宙が燃えるまで歌ってみた(生歌) - 小山内めい x yuni 【聖闘士星矢】	ペガサス幻想	cyl1ZaRun3E
YuNi	【エアギター】夏祭り 歌ってみた(生歌) - yuni 【whiteberry / jitterin'jinn】	夏祭り	Q6h-qj3PncI
YuNi	【こっち向いてったら!】おねがいダーリン 歌ってみた(生歌) - yuni	おねがいダーリン	uHT5tGjRbfg
YuNi	【みつかっちゃった...】secret base ~君がくれたもの~ 歌ってみた(生歌) - yuni【あの花】	secret base ~君がくれたもの~	BjgmNg37WvU
YuNi	【初デュエット】打上花火 歌ってみた(生歌) - yuni 【daoko × 米津玄師】	打上花火	TTJozNXj02g
YuNi	【yuni...執行官になる。】名前のない怪物 歌ってみた(生歌) 【psycho-pass/egoist】	名前のない怪物	YRLVzP4ud_4
YuNi	【サンキュー】 ハロ/ハワユ 歌ってみた(生歌) - yuni	ハロ/ハワユ	AgjgTQLddY0
YuNi	【うっふん♡】ラムのラブソング 歌ってみた(生歌) - yuni 【うる星やつら】	ラムのラブソング	pK9IxSy9yXQ
YuNi	【昭和の名曲】異邦人 歌ってみた(生歌) - yuni 【久保田早紀】	異邦人	xb5ECqfmBVI
YuNi	【ダークyuni】スーサイドパレヱド 歌ってみた(生歌)	スーサイドパレヱド	ScBOvBW1KWA
YuNi	【息継ぎ必死】シャルル 歌ってみた(生歌) - yuni	シャルル	LjkDJHk2KrE
YuNi	【早口苦戦】砂の惑星 歌ってみた(生歌) - yuni	砂の惑星	OdtLcNpsmwc
YuNi	【ご存知、ないのですか!?】祝10周年! 星間飛行 歌ってみた(生歌) - yuni 【マクロスf / ランカ・リー】	星間飛行	McRFlW3gV1M
YuNi	【少しは分かるのです】violet snow 歌ってみた(生歌) - yuni【ヴァイオレット・エヴァーガーデン】	violet snow	Wn_DHMnQopI
YuNi	【ウエストがしんどい】エイリアンエイリアン 歌ってみた(生歌) - yuni	エイリアンエイリアン	BxgZRlx_pDE
YuNi	【メニアック】 sweets parade 歌ってみた(生歌) - yuni【髏々宮カルタ/妖狐×僕ss】	sweets parade	5bNokEpIYNQ
YuNi	【自己紹介】プラチナ 歌ってみた(生歌) - yuni【カードキャプターさくら】	プラチナ	8yL88k4Aou0
燦鳥ノム	ドラマツルギー by 燦鳥ノム【歌ってみた】	ドラマツルギー	ZtTQ_pI-cCw
燦鳥ノム	ウミユリ海底譚 by 燦鳥ノム【歌ってみた】	ウミユリ海底譚	cFqtIGicNNw
燦鳥ノム	雨き声残響 by 燦鳥ノム【歌ってみた】	雨き声残響	GqiUKkdwpzA
燦鳥ノム	太陽系デスコ by 燦鳥ノム【歌ってみた】	太陽系デスコ	xCZNzf6I2rc
燦鳥ノム	言って。 by 燦鳥ノム【歌ってみた】	言って。	t7u5raao5Kk
燦鳥ノム	檄!帝国華撃団 by燦鳥ノム・富士葵・ときのそら【歌ってみた】	檄!帝国華撃団	35fKzdDH654
燦鳥ノム	ナンセンス文学 by 燦鳥ノム【歌ってみた】	ナンセンス文学	kPM1HzOdExs
燦鳥ノム	echo by 燦鳥ノム【歌ってみた】	echo	GiJl73vpWCg
燦鳥ノム	虎視眈々 by 燦鳥ノム【歌ってみた】	虎視眈々	1KRaitjdFMw
燦鳥ノム	アディショナルメモリー by 燦鳥ノム【歌ってみた】	アディショナルメモリー	RHA0UPfIZnw
音羽ララ	《声を枯らして》just be friends 歌ってみた ♪音羽ララ♪	just be friends	nxkk6VGSYxE
音羽ララ	《ボカロ名曲》千本桜 歌ってみた ♪音羽ララ♪	千本桜	69nGHjYeFQ0
音羽ララ	《ぴぽぱぽ》ハッピーシンセサイザ 歌ってみた ♪音羽ララ♪	ハッピーシンセサイザ	XAGQtGb7sVY
音羽ララ	《踊り付き》マトリョシカ 歌ってみた ♪音羽ララ♪	マトリョシカ	2A7rZIjlC4k
音羽ララ	《saoその3》crossing field 歌ってみた ♪音羽ララ♪	crossing field	TY3OwbGELEQ
音羽ララ	《操ってよ》からくりピエロ 歌ってみた ♪音羽ララ♪	からくりピエロ	mqxDstnw5qQ
音羽ララ	《恋しちゃったんだ》che.r.ry 歌ってみた ♪音羽ララ♪	che.r.ry	pZ9_d0uplTs
音羽ララ	《メーデー》ゴーストルール 歌ってみた ♪音羽ララ♪	ゴーストルール	pnyujuOcjDE
音羽ララ	《saoその2》innocence 歌ってみた ♪音羽ララ♪	innocence	B3hdPCixvVg
音羽ララ	《早口がんばった》ドラマツルギー 歌ってみた ♪音羽ララ♪	ドラマツルギー	lT32NkU89Pg
音羽ララ	《ララサンタより》クリスマスソング 歌ってみた ♪音羽ララ♪	クリスマスソング	1gcbLH67LfA
音羽ララ	《時かけ》ガーネット 歌ってみた ♪音羽ララ♪	ガーネット	6RN3KlYcIyg
音羽ララ	《大好きだって言うため》いーあるふぁんくらぶ 歌ってみた ♪音羽ララ♪	いーあるふぁんくらぶ	YzFKmvsTaCY
音羽ララ	《アイちゃん先輩へ》future base 歌ってみた ♪音羽ララ♪	future base	GC-TqiyCa0E
音羽ララ	《upd8参加》愛言葉iii 歌ってみた ♪音羽ララ♪	愛言葉iii	gA_BlsjcgxU
音羽ララ	《心臓を投げたのだ》メリュー 歌ってみた ♪音羽ララ♪	メリュー	WAsATIl_ohE
音羽ララ	《egoist》ghost of a smile 歌ってみた ♪音羽ララ♪	ghost of a smile	-g2BqC0SRP8
音羽ララ	《初ボカロ》ロキ 歌ってみた ♪音羽ララ♪	ロキ	9_tZkZ0-PXM
音羽ララ	《猫の恩返し》風になる 歌ってみた ♪音羽ララ♪	風になる	4H87N0osHoY
音羽ララ	《まどマギ》コネクト 歌ってみた ♪音羽ララ♪	コネクト	ua08T2VC0j4
音羽ララ	《sao》catch the moment 歌ってみた ♪音羽ララ♪	catch the moment	4z4i-xJum8E
音羽ララ	《憧れの人》未練レコード 歌ってみた ♪音羽ララ♪	未練レコード	OdnL3G0BOMs
音羽ララ	《一緒に踊ろ♪》気まぐれロマンティック 歌ってみた ♪音羽ララ♪	気まぐれロマンティック	7V7L-9kECME
音羽ララ	《蕩れ》君の知らない物語 歌ってみた ♪音羽ララ♪	君の知らない物語	0d030mevPYA
音羽ララ	《ずっとなかよし》secret base ~君がくれたもの~ 歌ってみた ♪音羽ララ♪	secret base ~君がくれたもの~	5l0Vypq1les
音羽ララ	《初投稿》ふわふわ時間 歌ってみた♪音羽ララ♪	ふわふわ時間	aGBVp0DxBHM
おめシス	シンクロニティ by おめシス × back-on	シンクロニティ	jis7E_mbwPw
おめシス	【ガンダムage】aurora (short) / 藍井エイル by おめがレイ	aurora	8q-Ny2a0GPM
おめシス	【ボカロ】非公開日誌 / gumi by おめがリオ	非公開日誌	FkyotXkl-CI
おめシス	からくりピエロ / 初音ミク by おめがリオ	からくりピエロ	owl2ZtgDRHI
おめシス	【天元突破グレンラガン】空色デイズ (short) / 中川翔子 by おめがレイ	空色デイズ	-YLyVDOJnFc
おめシス	【dtb】ツキアカリのミチシルベ / ステレオポニー by おめがレイ	ツキアカリのミチシルベ	SV_ag_cq9Jg
おめシス	青いベンチ / サスケ by おめがシスターズ	青いベンチ	3JAeD-9FE8I
おめシス	【gbf】ニブンノイチ / back-on by おめがシスターズ	ニブンノイチ	KQPr8Qde22w
おめシス	【ハガレン】メリッサ / ポルノグラフィティ by おめがシスターズ【#14ω】	メリッサ	XAt2lODxz_E
おめシス	【アルドノア・ゼロ】heavenly blue / kalafina by おめがレイ	heavenly blue	IfYODh82hTo
おめシス	am11:00 / hy by おめがシスターズ【#16ω】	am11:00	abDwOIMcBEw
おめシス	【時をかける少女】ガーネット / 奥華子 by おめがシスターズ	ガーネット	gXhqIT7XnsI
おめシス	夏色 / ゆず by おめがシスターズ	夏色	VBpXOOPK6-E
おめシス	【かっとビング】マスターピース / mihimaru gt by おめがシスターズ	マスターピース	_AcOHoF68vo
おめシス	【ラッタッタァ!】独りんぼエンヴィー / 初音ミク byおめがシスターズ	独りんぼエンヴィー	s9IvNnu0kqc
おめシス	【メーデー】ゴーストルール / 初音ミク byおめがシスターズ	ゴーストルール	FVfim9jNQVg
おめシス	【まどマギ】コネクト / claris by おめがシスターズ	コネクト	sYNL6WlW-e8
おめシス	【血界戦線】シュガーソングとビターステップ / unison square garden by おめがシスターズ	シュガーソングとビターステップ	pSBk3QVY3cA
おめシス	【あおガル】恋のカトレア通り(cover) by きれいなおめシス	恋のカトレア通り	b0nF7oUbsfg
天神子兎音	【歌ってみた】千本桜 feat. 初音ミク【cover by 天神子兎音】	千本桜	hvFlaniw3rw
天神子兎音	【天神子兎音】フーアーユーなんて言わないで【オリジナル曲】	フーアーユーなんて言わないで	lB0TkRmEXQA
天神子兎音	【歌ってみた】シャルル / バルーン【天神子兎音cover】	シャルル	7SNFxThH1Bc
天神子兎音	【歌ってみた】メルト / ryo【天神子兎音cover】	メルト	TpNNEAnJHrE
天神子兎音	【歌ってみた】calc. / ジミーサムp【天神子兎音cover】	calc.	ZgKDt3zvf9Q
天神子兎音	【歌ってみた】ロキ / みきとp【天神子兎音cover】	ロキ	4knjZf6neh4
天神子兎音	【歌ってみた】1925 / 冨田悠斗【天神子兎音cover】	1925	KRq6k_eo1wo
天神子兎音	【歌ってみた】またあした / ふわりp【天神子兎音cover】	またあした	wp9DGNwD7Hs
天神子兎音	【歌ってみた】いかないで / 想太【天神子兎音cover】【short ver.】	いかないで	Yj6aOAJ6l1Y
天神子兎音	【歌ってみた】チュルリラ・チュルリラ・ダッダッダ! / 和田たけあき【天神子兎音cover】	チュルリラ・チュルリラ・ダッダッダ!	8SIDO8pWAlI
天神子兎音	【歌ってみた】東京テディベア / neru 【天神子兎音cover】	東京テディベア	J9ZT1Y3mcKw
天神子兎音	【歌ってみた】エイリアンエイリアン / ナユタン星人 【天神子兎音cover】	エイリアンエイリアン	WMLT4pxwWM0
天神子兎音	【歌ってみた】god knows... / 涼宮ハルヒ【天神子兎音cover】	god knows...	qKmBRuHyOdE
天神子兎音	【コラボ】脳漿炸裂ガール 歌ってみた - 天神子兎音×yuni	脳漿炸裂ガール	CYpOUcLtwT0
天神子兎音	【yuni×天神子兎音】クノイチでも恋がしたい / みきとp【歌ってみたコラボ】	クノイチでも恋がしたい	r6-gB_ypjsM
天神子兎音	【歌ってみた】ゴーストルール / deco*27 【天神子兎音cover】	ゴーストルール	QOmCr33TkBs
天神子兎音	【歌ってみた】only my railgun / fripside【天神子兎音cover】	only my railgun	7l2Wp_LB9ts
天神子兎音	【歌ってみた】敗北の少年 / kemu 【天神子兎音cover】	敗北の少年	QAQLbMLI_rM
天神子兎音	【歌ってみた】初めての恋が終わる時 / ryo【天神子兎音cover】	初めての恋が終わる時	6VEw5zVsjlQ
天神子兎音	【歌ってみた】そこに空があるから / 江崎とし子 【天神子兎音cover】	そこに空があるから	y0ASPri61Y4
天神子兎音	【天神子兎音×樋口楓】seventh haven/tokyo 7th シスターズ【歌ってみた】	seventh haven	N8K73cMLbAg
天神子兎音	【樋口楓×天神子兎音】打上花火 / daoko × 米津玄師【歌ってみた】	打上花火	n0da64FMiDM
天神子兎音	【響木アオ×天神子兎音】ビバハピ / mitchie m【歌ってみた】	ビバハピ	1NkouNWZ4so
天神子兎音	【歌ってみた】天ノ弱 / 164【天神子兎音cover】	天ノ弱	apoSRXjAdq8
天神子兎音	【歌ってみた】終わりへ向かう始まりの歌 / supercell【天神子兎音cover】	終わりへ向かう始まりの歌	496Y52OT1_g
天神子兎音	サイレントマジョリティー	サイレントマジョリティー	My-1Qfn-I44
天神子兎音	【歌ってみた】アンデッドエネミー / ギガp・スズム【天神子兎音cover】	アンデッドエネミー	ckU1zTua0G8
天神子兎音	「アンインストール」(arranged by aire) ショートver「imagination vol.1」より【天神子兎音】	アンインストール	zO5H6NbWKZ4
天神子兎音	【歌ってみた】不協和音 / 欅坂46【天神子兎音cover】	不協和音	rEiCTfOcCZs
天神子兎音	【歌ってみた】さよならメモリーズ / supercell【天神子兎音cover】	さよならメモリーズ	Cs5GieimxBs
天神子兎音	【歌ってみた】乙女解剖 / deco*27【天神子兎音cover】	乙女解剖	j5AoE0m7_ZE
ルキロキ	【悪夢の始まり】 スーサイドパレヱド / ユリイ・カノン【歌ってみた】	スーサイドパレヱド	FtYP1MfUvlA
ルキロキ	【王様になりたい】しんでしまうとはなさけない!/じーざすp【歌ってみた】	しんでしまうとはなさけない!	dn4cKo18Uf8
ルキロキ	【溶けていく】メルティランドナイトメア/はるまきごはん【歌ってみた】	メルティランドナイトメア	R2Por8y7Zhg
ルキロキ	【想いを込めて】オレンジ/トーマ【歌ってみた】	オレンジ	8nG6xWFZQ0E
ルキロキ	【愛や厭】妄想感傷代償連盟/deco*27【ルキが歌ってみた】	妄想感傷代償連盟	3MVNJsWSJEI
ルキロキ	【未完成な二人が】ヒバナ/deco*27【歌ってみた】	ヒバナ	lYOQN11WoX8
ルキロキ	【力の限り】メリュー/ナブナ【ロキが歌ってみた】	メリュー	at6FIQlP6Zg
ルキロキ	【しゅき】エイリアンエイリアン/ナユタン星人【歌ってみた】	エイリアンエイリアン	cXLyJqI77kg
ルキロキ	【僕は誰?】拝啓ドッペルゲンガー/kemu【歌ってみた】	拝啓ドッペルゲンガー	OWUACUFsKeA
ルキロキ	【回って回って】からくりピエロ/40mp【歌ってみた】	からくりピエロ	ZIWRP3kD3vs
ルキロキ	【継ぎ接ぎ狂った双子が】マトリョシカ/ハチ【歌ってみた】	マトリョシカ	vVqIhWxwNeE
ルキロキ	【キズナアイちゃんの】new world【歌って踊ってみた】	new world	LE5DZfuxhbk
ルキロキ	何でも言うことを聞いてくれるアカネチャン	何でも言うことを聞いてくれるアカネチャン	Y0B5jbpb9u4
ルキロキ	【そらともが】未練レコード/ときのそら×40mp【歌ってみた】	未練レコード	KPlxewKbWy0
ルキロキ	【ルキがロキをルキにして】ロキ/みきとp【歌ってみた】	ロキ	jLMh1KNmzwI
道明寺ここあ	【初投稿】rising hope 歌ってみた  - 道明寺ここあ【魔法科高校の劣等生op/lisa】	rising hope	4ns7aPLDP70
道明寺ここあ	【道明寺ここあ】unravel 歌ってみた【東京喰種トーキョーグールop/tk from 凛として時雨】	unravel	cwjjS6MfIkw
道明寺ここあ	【道明寺ここあ】メルト 歌ってみた	メルト	yWxuBzb83DY
道明寺ここあ	【道明寺ここあ】シャルル 歌ってみた	シャルル	hAYfIIGIMCc
道明寺ここあ	【道明寺ここあ】サンビカ 歌ってみた【キルラキル挿入歌/藍井エイル】	サンビカ	GOZAo6xmb5w
道明寺ここあ	【道明寺ここあ】ピースサイン 歌ってみた【僕のヒーローアカデミアop/米津玄師】	ピースサイン	l5FOt1OAfOc
道明寺ここあ	【道明寺ここあ】wherever you are  歌ってみた【one ok rock】	wherever you are	xSUgfiyQf0M
道明寺ここあ	【道明寺ここあ】mighty long fall 歌ってみた【one ok rock】	mighty long fall	iWPBZi8RcqI
道明寺ここあ	道明寺ここあが吹っ切れた【おちゃめ機能】	おちゃめ機能	mjwbAgu7CWU
道明寺ここあ	【道明寺ここあ】砂の惑星 歌ってみた【ハチ】	砂の惑星	iqndwWqlfR8
道明寺ここあ	【胸がギュッとした】君の知らない物語 歌ってみた【化物語ed/supercell】	君の知らない物語	nlP1OnR8S8k
道明寺ここあ	【寂しい】命に嫌われている。 歌ってみた【初音ミク/カンザキイオリ】	命に嫌われている。	9_IKgqsnfco
道明寺ここあ	【バーチャルのど自慢】愛をこめて花束を  歌ってみた【superfly/cover】	愛をこめて花束を	yOYEKiiFJCw
道明寺ここあ	【掴み取れ!】catch the moment 歌ってみた【ソードアート・オンライン 主題歌 / lisa】	catch the moment	Z82UOYjwl6M
道明寺ここあ	【学校で!】『ロキ』歌ってみた!【ゲーム部の皆さんと!】	ロキ	f8exumiQ_ck
道明寺ここあ	【切なく】うたかた花火 歌ってみた【naruto疾風伝ed/supercell】	うたかた花火	j6QMF99JfLo
道明寺ここあ	【研ぎ澄ませ!】完全感覚dreamer 歌ってみた【one ok rock】	完全感覚dreamer	l0V9rt9McYM
道明寺ここあ	【大爆発!】no pain, no game 歌ってみた【btooom!op/ナノ】	no pain, no game	Hj-Wda9cO8g
道明寺ここあ	【腕が筋肉痛】エイリアンエイリアン 歌ってみた - 道明寺ここあ【ナユタン星人】	エイリアンエイリアン	LKfsadAxu5s
道明寺ここあ	【王の力!】the everlasting guilty crown 歌ってみた - 道明寺ここあ【ギルティクラウンop/egoist】	the everlasting guilty crown	7O7emKO5RpQ
道明寺ここあ	【ギターに挑戦!】god knows... 歌ってみた - 道明寺ここあ【涼宮ハルヒの憂鬱挿入歌/平野綾】	god knows...	Ug1mTGc2Jqs
道明寺ここあ	【満開】打上花火 歌ってみた - 道明寺ここあ【daoko × 米津玄師】	打上花火	4zmQFZmP9lA
花譜	【歌ってみた】フラジール covered by 花譜	フラジール	5NMSH6piKZU
花譜	【歌ってみた】凍えそうだ covered by 花譜	凍えそうだ	KM8Jh3D3hgA
花譜	【歌ってみた】五月雨 covered by 花譜	五月雨	R1Gph3qEijw
花譜	【歌ってみた】想像フォレスト covered by 花譜	想像フォレスト	sHlNoBD_rj4
花譜	【歌ってみた】打上花火 covered by 花譜	打上花火	R0BHfKV9ioI
花譜	【歌ってみた】lemon covered by 花譜	lemon	SNapiB5_dx0
花譜	【歌ってみた】回る空うさぎ covered by 花譜	回る空うさぎ	i30TA3V527A
花譜	【歌ってみた】死んでしまったのだろうか covered by 花譜	死んでしまったのだろうか	3j0znl2cYAs
花譜	【歌ってみた】またねがあれば covered by 花譜	またねがあれば	6pEDTxHm-Ek
花譜	【歌ってみた】さよならミッドナイト covered by 花譜	さよならミッドナイト	y4sHBySTCzk
花譜	【歌ってみた】猛独が襲う covered by 花譜	猛独が襲う	jpwy7kP8Pps
花譜	花譜 #17 「雛鳥」 【オリジナルmv】	雛鳥	M1RIUrgJqWw
花譜	花譜 #15 「忘れてしまえ」 【オリジナルmv】	忘れてしまえ	2Nj1l-S2FJU
花譜	花譜 #13 「忘れてしまえ」-予告編- 【オリジナルmv】	忘れてしまえ	RWJkwQrnKW0
花譜	花譜 #11 「魔女」 【オリジナルmv】	魔女	AqwFHfsAlx0
花譜	花譜 #09 「心臓と絡繰」 【オリジナルmv】	心臓と絡繰	hcm1LGOxJbc
花譜	花譜 #08 「心臓と絡繰」-予告編2- 【オリジナルmv】	心臓と絡繰	NF5ySTQuE4A
花譜	花譜 #07 「心臓と絡繰」-予告編1- 【オリジナルmv】	心臓と絡繰	J8rBt5AuFcs
花譜	花譜 #06 「糸」 【オリジナルmv】	糸	3Wtx6k2vInU
花譜	花譜 #05 「糸」-予告編- 【オリジナルmv】	糸	FhlwWC4vwy4
樋口楓	放課後memory【樋口楓オリジナル曲】	放課後memory	pGdJHcAAPlc
樋口楓	burning forest【樋口楓オリジナル曲】	burning forest	JLt-Z2BO3Lk
樋口楓	「だってアタシのヒーロー。」cover.樋口楓(arranged by pandaboy)【試聴動画】	だってアタシのヒーロー。	m7Jw3a6W7ck
樋口楓	【にじさんじjk組】dream triangle【オリジナル曲】	dream triangle	M9VZ-BczRH0
樋口楓	【5人で前夜祭】 バレンタイン・キッス 歌ってみた - 樋口楓×因幡はねる×響木アオ×シスター・クレア×yuni	バレンタイン・キッス	LhxFEWOoMgI
樋口楓	樋口楓1stライブ「kana-dero」ライブ映像特別公開!『響鳴』	響鳴	NcaGIXz6fdI
樋口楓	【樋口楓×天神子兎音】打上花火 / daoko × 米津玄師【歌ってみた】	打上花火	n0da64FMiDM
樋口楓	月夜ノ空 full ver.【樋口楓オリジナル曲】	月夜ノ空	mgw7dgA4nNE
樋口楓	【天神子兎音×樋口楓】seventh haven/tokyo 7th シスターズ【歌ってみた】	seventh haven	N8K73cMLbAg
樋口楓	皐月の風【樋口楓オリジナル曲】	皐月の風	w565CF7KsHA
樋口楓	奏でろ音楽!!!	奏でろ音楽!!!	Vs9dX8C9Cn8
樋口楓	デロッパ!【樋口楓オリジナル曲】	デロッパ!	P9CBFmk5H8Q
樋口楓	wish!【樋口楓オリジナル曲】	wish!	78JaNSdVOMQ
樋口楓	【樋口楓&える】けろっぐふろっぐ!【オリジナル曲】	けろっぐふろっぐ!	sRpg90RGRJg
樋口楓	焼森のファンファーレ【樋口楓オリジナル曲】	焼森のファンファーレ	ML9x7s7SMBE
樋口楓	winding road byおめがシスターズ×樋口楓【歌ってみた】	winding road	DxQVcC-yJV0
樋口楓	【ロボ子さん×樋口楓】happy halloween 【歌ってみた】	happy halloween	v6u80eYSLvc
樋口楓	【ロボ子さん×樋口楓】platonic girl 【歌ってみた】	platonic girl	_cUTVL2Nj6o
樋口楓	【にじさんじjk組】dream triangle short ver.【オリジナル曲】	dream triangle	FhF8PEGAF2Y
樋口楓	【静凛&樋口楓】dress me up!!【オリジナル曲】	dress me up!!	yCTsaVg6f3g
樋口楓	曇り空のフィルム【樋口楓オリジナル曲】	曇り空のフィルム	PbW6Q1FdQEg
樋口楓	月夜ノ空【樋口楓オリジナル曲】	月夜ノ空	Zrq5lRWmCVc
樋口楓	夜咄ディセイブ / ia ( cover by かしこまり & 樋口楓 )	夜咄ディセイブ	vcU_AUayrio
樋口楓	楓色の向こう【樋口楓オリジナル曲】	楓色の向こう	AgOWBMkU24g
樋口楓	mapledancer【樋口楓オリジナル曲】	mapledancer	OLWqLMbq5QY
樋口楓	【にじさんじ】mr.music【歌ってみた!】	mr.music	CICsAfQ6ke8
樋口楓	キミの友達【樋口楓オリジナル曲】	キミの友達	JG-mcEtEpRY
樋口楓	やきもち☆ハートブレイク【樋口楓オリジナル曲】	やきもち☆ハートブレイク	zu1ikUGv4Qc
樋口楓	奏でろ音楽!!! vr live ver.【樋口楓オリジナル曲】	奏でろ音楽!!!	rGGGenfukR8
樋口楓	奏でろ音楽!!!【樋口楓オリジナル曲】	奏でろ音楽!!!	MuFxkZMtv_M
樋口楓	liver's high!!【樋口楓オリジナル曲】	liver's high!!	O-Ndo_JKTAY
樋口楓	放課後melty【樋口楓オリジナル曲】	放課後melty	W9rkEnT9Q_8
樋口楓	maple【樋口楓オリジナル曲】	maple	0jseKaZGFzM
樋口楓	harmony!!【樋口楓オリジナル曲】	harmony!!	_7yLua9O9Us
響木アオ	【歌ってみた】mariah carey(マライア・キャリー) / all i want for christmas is you『恋人たちのクリスマス』【covered by 響木アオ】	all i want for christmas is you	2IhVS4wAtKM
響木アオ	【新人アイドルが】“私、アイドル宣言”歌ってみた【響木アオ】	私、アイドル宣言	gyBMk2sAbrs
響木アオ	【歌ってみた】lemon / 米津玄師	lemon	i54nTY_Xgl4
響木アオ	【cover】virtual insanity / jamiroquai【歌ってみた】	virtual	je9Kzc-J4WM
響木アオ	【歌ってみた】打上花火  / daoko × 米津玄師	打上花火	D11JIOXu_6I
響木アオ	【歌ってみた】はじめてのチュウ / あんしんパパ【cover】	はじめてのチュウ	6e_5_KtJkFw
響木アオ	ハロ/ハワユ【歌ってみた♪】	ハロ/ハワユ	kYGg1vWMbfA
響木アオ	lllトゥルティンアンテナlll【歌ってみた♪】	lllトゥルティンアンテナlll	I0SyWEUFNmQ
響木アオ	初めての恋が終わる時【歌ってみた♪】	初めての恋が終わる時	lHAQRminNmc
響木アオ	【歌ってみた】にんじゃりばんばん(ninja re bang bang)  / きゃりーぱみゅぱみゅ	にんじゃりばんばん	08hVIe4MnhU
響木アオ	【歌ってみた】廃墟の国のアリス/まふまふ feat. 初音ミク【響木アオ】	廃墟の国のアリス	GKlOTi-A2xE
響木アオ	【歌ってみた】クリスマスソング / back number【響木アオ】	クリスマスソング	7AAJu3UQQ8Q
響木アオ	【歌ってみた】kizuna ai/future base (prod.yunomi)【covered by 響木アオ】	future base	tLCTlXcDUhQ
響木アオ	【響木アオ×天神子兎音】ビバハピ / mitchie m【歌ってみた】	ビバハピ	1NkouNWZ4so
響木アオ	【オリジナル曲】アオの青汁【大正製薬さまコラボ】	アオの青汁	kACQK4Mk7ig
響木アオ	チカっとチカ千花っ♡	チカっとチカ千花っ♡	JklXfqM_yeQ
花鋏キョウ	アイネクライネ/米津玄師(covered by 花鋏キョウ)【歌ってみた】	アイネクライネ	8ZukcDdTc1I
花鋏キョウ	ミュージックミュージック	ミュージックミュージック	TUtkwmdEXQw
花鋏キョウ	廃墟の国のアリス/まふまふ feat. 初音ミク(covered by 花鋏キョウ)【歌ってみた】	廃墟の国のアリス	NMdNolKVVco
花鋏キョウ	アディショナルメモリー	アディショナルメモリー	jajOPxWbpnM
花鋏キョウ	【女性が歌う】ヨンジュウナナ/みきとp feat. 初音ミク(covered by 花鋏キョウ)【歌ってみた】	ヨンジュウナナ	ciGp8jmnmqk
花鋏キョウ	【米津玄師】lemon/米津玄師(covered by 花鋏キョウ)ドラマ『アンナチュラル』主題歌	lemon	4LX0CjZsQV0
花鋏キョウ	瞬き/back number「8年越しの花嫁 奇跡の実話」主題歌(covered by 花鋏キョウ)	瞬き	pd9FXA5C4CU
花鋏キョウ	ロキ 歌ってみた【花鋏キョウ×獅子神レオナ】	ロキ	DN_KpMjdMUM
花鋏キョウ	脳裏上のクラッカー(covered by 花鋏キョウ)【ずとまよ】【歌ってみた】	脳裏上のクラッカー	oA8AbUXFVQo
花鋏キョウ	【歌ってみた】platonic girl みきとp / 獅子神レオナ×花鋏キョウ【vtuber】	platonic girl	K2Chm_HEPU8
花鋏キョウ	【女性が歌う】米津玄師 「flamingo」(covered by 花鋏キョウ)/ソニー 完全ワイヤレスヘッドホン cmソング	flamingo	DwErLL60GXk
花鋏キョウ	愛言葉iii - deco*27(cover) / 花鋏キョウ【歌ってみた】	愛言葉iii	uP0rBmGkvq4
花鋏キョウ	【女性が歌う】奏/スキマスイッチ(cover by 花鋏キョウ)『一週間フレンズ。』主題歌	奏	S19I8ko-HUk
花鋏キョウ	【女性が歌う】teenage riot(米津玄師)/covered by 花鋏キョウ / 『gatsby cop』cmソング【vtuber】	teenage riot	HEql9BoUE4s
花鋏キョウ	夢ファンファーレ / 花鋏キョウ×双理マイ【歌ってみた】	夢ファンファーレ	AAbLoF-zc_8
花鋏キョウ	【女性が歌う】前前前世/radwimps『君の名は。』主題歌(covered by 花鋏キョウ)	前前前世	XwRyIYmMCzw
花鋏キョウ	【女性が歌う】クリスマスソング / back number (フルカバー) by 花鋏キョウ【vtuber】	クリスマスソング	nI-9rVc_RI8
花鋏キョウ	フィクサー/花鋏キョウ【歌ってみた】	フィクサー	ubVlzwY_ZkQ
花鋏キョウ	【歌ってみた】 wave 【花鋏キョウ】	wave	yTek-etn_ZE
花鋏キョウ	【eve】ラストダンス 歌ってみた【花鋏キョウ】	ラストダンス	RnOH_kL42nI
花鋏キョウ	夜もすがら君想ふ 歌ってみた【花鋏キョウ】	夜もすがら君想ふ	3g-ZzwsUf48
花鋏キョウ	打上花火/daoko × 米津玄師(covered by 花鋏キョウ & 夜霧メイ)	打上花火	fiY2Dug7U-s
花鋏キョウ	小さなライオン / 双理マイ×花鋏キョウ【歌ってみた】	小さなライオン	kX1Yyv6LWps
花鋏キョウ	【アレンジver】シャルル / バルーン (cover) by花鋏キョウ【歌ってみた】	シャルル	lovGbRw8R7c
花鋏キョウ	【米津玄師】砂の惑星 feat.初音ミク/ハチ (cover) - 花鋏キョウ【歌ってみた】	砂の惑星	1FfJumM0G3M
花鋏キョウ	【ずとまよ】ヒューマノイド/ずっと真夜中でいいのに。(cover)花鋏キョウ【歌ってみた】	ヒューマノイド	jEE_foq1cM8
花鋏キョウ	ヨルシカ - 藍二乗(cover)花鋏キョウ	藍二乗	EwwCPPCL0k4
花鋏キョウ	眩しいdnaだけ/ずっと真夜中でいいのに。(cover)花鋏キョウ【ずとまよ】【歌ってみた】	眩しいdnaだけ	t9AfuYngEd8
花鋏キョウ	【supercell】さよならメモリーズ/花鋏キョウ【歌ってみた】	さよならメモリーズ	JOcwaqpLSWU
花鋏キョウ	誓い / 宇多田ヒカル(cover)花鋏キョウ【kingdom hearts iii エンディングテーマ】	誓い	0TfJmj-3aEo
花鋏キョウ	サイレントマジョリティー	サイレントマジョリティー	tiwYwFmEKuI
花鋏キョウ	【花鋏キョウ】i beg you / aimer【歌ってみた】『fate/stay night [heaven's feel]』	i beg you	8ehrYKvd5ag
ロボ子さん	【mmd公開記念】おねがいダーリン 歌ってみた【ロボ子さん】	おねがいダーリン	RJwpJIe5FmY
ロボ子さん	【ロボ子さん】メルティランドナイトメア【オリジナルmv】	メルティランドナイトメア	Klsca1OcwH8
ロボ子さん	【ロボ子さん×樋口楓】platonic girl 【歌ってみた】	platonic girl	_cUTVL2Nj6o
ロボ子さん	【歌ってみた】ロボ子、あっかんべーだ 歌ってみた。【オリジナルpv 】	あっかんべーだ	e_EqIA6ZWqs
ロボ子さん	【歌ってみた】少年と魔法のロボット【vtuberチャリティーライブ】	少年と魔法のロボット	48DgT4-JYZA
ロボ子さん	【全部美兎】シュガーソングとビターステップ off(全部美兎)を...歌ってみた【ロボ子さん】	シュガーソングとビターステップ	8SRe-pPLaG0
ロボ子さん	【ロボ子さん・白上フブキ】嗚呼素晴らしきニャン生【ドーラ・鷹宮リオン】	嗚呼素晴らしきニャン生	Mb2oMO-SK7w
ロボ子さん	【ロボ子さん×樋口楓】happy halloween 【歌ってみた】	happy halloween	v6u80eYSLvc
ロボ子さん	secret base ~君がくれたもの~	secret base ~君がくれたもの~	yU5_w__2FBo
ココツキ	命のユースティティア/covered by ココツキ【歌ってみた】	命のユースティティア	w6IgnKR3LHY
ココツキ	秒針を噛む/covered by ココツキ【歌ってみた】	秒針を噛む	Pl85zCoxabg
ココツキ	【女性2人で】ヒバナ/covered by ココツキ【歌ってみた】	ヒバナ	umHhriJ8n7U
ココツキ	【女性2人で】心做し/covered by ココツキ【歌ってみた】	心做し	QgouH0x07_Y
ココツキ	【女性2人で】3月9日/covered by ココツキ【歌ってみた】	3月9日	aQG-qc9YdTc
ココツキ	【女性2人で】narrative/covered by ココツキ【歌ってみた】	narrative	NF7p33anu5U
ココツキ	【女性2人で】ロキ/covered by ココツキ【歌ってみた】	ロキ	mVVGhAjsKa4
獅子神レオナ	【女性が歌う】teenage riot(米津玄師) / vo.獅子神レオナ / 『gatsby cop』cmソング【vtuber】	teenage riot	n6jW9CGlD4A
獅子神レオナ	【女性が歌う】flamingo(米津玄師)/ vo.獅子神レオナ【vtuber】	flamingo	4lESqW6hZ0k
獅子神レオナ	【本気のバラード】ラプンツェル / 獅子神レオナ【歌ってみた】	ラプンツェル	ZS-rrnpB10E
獅子神レオナ	【歌ってみた】ラズベリー*モンスター/ vo.獅子神レオナ 【vtuber】	ラズベリー*モンスター	5g4jAgRkvvA
獅子神レオナ	【歌ってみた】シャルル/vo.獅子神レオナ【vtuber】	シャルル	UhOADo8Wm0g
獅子神レオナ	【歌ってみた】platonic girl みきとp / 獅子神レオナ×花鋏キョウ【vtuber】	platonic girl	K2Chm_HEPU8
獅子神レオナ	チェチェ・チェック・ワンツー!	チェチェ・チェック・ワンツー!	WoLWZ3wmSoY
獅子神レオナ	【歌ってみた】告白予行練習 / vo.獅子神レオナ【vtuber】	告白予行練習	IYfEhy3HEjQ
獅子神レオナ	【生きて】命に嫌われている。 / vo.獅子神レオナ【歌ってみた】	命に嫌われている。	Y78khzdJMJE
獅子神レオナ	【ソロで】灰色と青 / vo.獅子神レオナ【歌ってみた】	灰色と青	T9s6NRLezDc
獅子神レオナ	【あいみょん】愛を伝えたいだとか / vo.獅子神レオナ【歌ってみた】	愛を伝えたいだとか	kNQePK_J9rs
獅子神レオナ	【back number】クリスマスソング / vo.獅子神レオナ【歌ってみた】	クリスマスソング	ftk4DxmmIBY
獅子神レオナ	【one ok rock】wherever you are / vo.獅子神レオナ【歌ってみた】	wherever you are	mMYaDs75Z2E
獅子神レオナ	【deco*27】ヒバナ / vo.獅子神レオナ【歌ってみた】	ヒバナ	BV406hFrDk8
獅子神レオナ	【コレサワ】たばこ / vo.獅子神レオナ【歌ってみた】	たばこ	W5eCr-_rl9I
獅子神レオナ	【unison square garden】シュガーソングとビターステップ / vo.獅子神レオナ【歌ってみた 】	シュガーソングとビターステップ	k85XEb9j-mw
獅子神レオナ	【マクロスδ】いけないボーダーライン / vo.獅子神レオナ & 水瓶ミア【歌ってみた】	いけないボーダーライン	_m6ylUQ9_nQ
獅子神レオナ	【時をかける少女】変わらないもの / vo.獅子神レオナ【歌ってみた】	変わらないもの	WBQv67L5VZY
獅子神レオナ	綺羅星ウタ×獅子神レオナ「革命デュアリズム」歌ってみた	革命デュアリズム	No0UxRe5IE4
獅子神レオナ	【歌ってみた】on the rocks 【唯牙コハク×獅子神レオナ】	on the rocks	6lM31jEl568
獅子神レオナ	【obk's】桜ノ雨【歌ってみた】	桜ノ雨	GdRNa72_3hU
獅子神レオナ	【obk‘s】神のまにまに【歌ってみた】	神のまにまに	Inbifi8dDMw
獅子神レオナ	【obk‘s】好き!雪!本気マジック【歌ってみた】	好き!雪!本気マジック	d2HPMxnK2x4
獅子神レオナ	【歌ってみた】劣等上等 giga / 水瓶ミア×獅子神レオナ【vtuber】	劣等上等	ZTQLWq8BYP8
獅子神レオナ	ロキ 歌ってみた【花鋏キョウ×獅子神レオナ】	ロキ	DN_KpMjdMUM
獅子神レオナ	【獅子神レオナ&綺羅星ウタ】 再教育 【歌ってみた】	再教育	Qs4x4Ko4rAY
獅子神レオナ	【歌ってみた】夢ファンファーレ - 丑牡てぃあ × 獅子神レオナ	夢ファンファーレ	6tJo5NWpdMQ
獅子神レオナ	【歌ってみた】フィクサー/獅子神レオナ【vtuber】	フィクサー	iwFXWBZ1cEI
結城リノ	【生歌】lemon / 米津玄師【歌ってみた】結城リノ	lemon	dfHrsMU-lS0
結城リノ	【4k映像】deco*27 - 妄想感傷代償連盟 feat. 初音ミク【歌ってみた】結城リノ	妄想感傷代償連盟	q-V7CWiHEJQ
結城リノ	【歌ってみた】シャルル / バルーン - 結城リノ	シャルル	U0tb-fHQ2b0
結城リノ	【歌ってみた】千本桜 feat. 初音ミク【covered by 結城リノ】	千本桜	Di7kQyqJfQo
結城リノ	【3d live】おどりゃんせ 歌ってみた - 結城リノ	おどりゃんせ	8CTS0UST7zY
結城リノ	【フル/歌詞付き】happy birthday / back number【cover】(ドラマ「初めて恋をした日に読む話」主題歌)	happy birthday	S__1Mh8sZ1g
結城リノ	【バレンタインに】メルト 歌ってみた【mvフル/歌詞付き】結城リノ-vsinger-	メルト	QM-p5v6cBR0
結城リノ	【ダンスmv】キミノヨゾラ哨戒班 歌ってみた - 結城リノ-vsinger-	キミノヨゾラ哨戒班	HCSqPtoUeRg
結城リノ	【mv】アスノヨゾラ哨戒班 歌ってみた - 結城リノ-vsinger-	アスノヨゾラ哨戒班	MQJQVp9TFVo
結城リノ	雪の華 / 中島美嘉(映画『雪の華』主題歌)【歌ってみた】- covered by 結城リノ	雪の華	G8lnAybbr4g
結城リノ	【女性が歌う】米津玄師 「flamingo」(covered by 結城リノ) / ソニー 完全ワイヤレスヘッドホン cmソング	flamingo	fjK34zMHzKo
結城リノ	【フル/歌詞付き】aimer『sailing』ドラマ「レ・ミゼラブル 終わりなき旅路」主題歌(covered by 結城リノ)	sailing	k3O9-Rs9790
結城リノ	【オタク趣味は全然ないよ?】君の彼女 歌ってみた - 結城リノ / kimi no kanojo	君の彼女	7hbH7jS5s3M
結城リノ	【フル/歌詞付き】uru 『プロローグ』歌ってみた(生歌) - 結城リノ tbs系 火曜ドラマ「中学聖日記」主題歌	プロローグ	iNgRKAGfHTk
結城リノ	【vtuber】夏の空は未だ明るいままで 歌ってみた - 結城リノ	夏の空は未だ明るいままで	p3VAVWBPLJc
結城リノ	【チャイナドレスで♡】金星のダンス 歌ってみた - 結城リノ	金星のダンス	GiQhWjBczoQ
結城リノ	【3d live】shake it ! 歌ってみた - 結城リノ	shake it !	32EcK2TN9Fo
結城リノ	【オリジナルmv】サディスティック・ラブ 歌ってみた - 結城リノ	サディスティック・ラブ	lNeWebIUesI
結城リノ	【オリジナルmv】グリーンライツ・セレナーデ 歌ってみた - 結城リノ	グリーンライツ・セレナーデ	KYyjhtSvljs
結城リノ	【オリジナルmv】おねがいダーリン 歌ってみた - 結城リノ	おねがいダーリン	xmZ0XsWluH0
結城リノ	【歌ってみた】私、アイドル宣言【結城リノ】	私、アイドル宣言	WG7Qt_YBWXQ
結城リノ	【歌ってみた】君の彼女【結城リノ】	君の彼女	jHNE3O1BDVw
結城リノ	【歌ってみた】チュルリラ・チュルリラ・ダッダッダ!【結城リノ】	チュルリラ・チュルリラ・ダッダッダ!	lIgb2nZiby4
結城リノ	【女だけど歌ってみた】恋をしよう【結城リノ】	恋をしよう	2g_ImldtkEM
結城リノ	【歌ってみた】花降らし【結城リノ】	花降らし	LBTHreNnLp4
結城リノ	【歌ってみた】アウトサイダー【結城リノ】	アウトサイダー	kkp3EV6BkuA
結城リノ	チェチェ・チェック・ワンツー!	チェチェ・チェック・ワンツー!	YmE5_U8-tsI
富士葵	【女性が歌う】koi/androp  映画『九月の恋と出会うまで』主題歌【富士葵】	koi	Mp0T8WoFn7E
富士葵	【歌ってみた】おとなの掟 / doughnuts hole ・ 椎名林檎と松崎ナオ【富士葵】『カルテット』	おとなの掟	LraAU_shDKY
富士葵	【富士葵】雪の華/中島美嘉  映画『雪の華』主題歌【歌ってみた】	雪の華	9ozaiKTyJ5M
富士葵	【富士葵】i beg you / aimer【歌ってみた】『fate/stay night [heaven's feel]』	i beg you	ezGNv5NT0mY
富士葵	【富士葵】恋愛サーキュレーション/千石撫子(花澤香菜)『化物語』【歌ってみた】	恋愛サーキュレーション	A8g6cuODzxc
富士葵	【富士葵】月のワルツ/諫山実生/みんなのうた【歌ってみた】	月のワルツ	yA8wCtE62fU
富士葵	カントリーロード	カントリーロード	JtKUQWPSQr8
富士葵	【富士葵】日々/吉田山田 【歌ってみた】みんなのうた	日々	r7YC2Ti1keU
富士葵	【富士葵】月光/鬼束ちひろ 『trick』【歌ってみた】	月光	k6B-isLbj18
富士葵	【富士葵】なんでもないや/radwimps 『君の名は。』 【2018 cover】	なんでもないや	aDnSbeC_kyw
富士葵	【全部俺】over the rainbow/富士葵【歌ってみた】『オズの魔法使い』(the wonderful wizard of oz)	over the rainbow	W8UOTqazeaU
富士葵	【スマブラsp】 命の灯火/古賀英里奈『スマッシュブラザーズ』【歌ってみた】super smash bros. special	命の灯火	Wjf1366QIrw
富士葵	【富士葵】今夜このまま/あいみょん『獣になれない私たち』【歌ってみた】	今夜このまま	mSg12nizeac
富士葵	【富士葵】蝶々結び/aimer【歌ってみた】	蝶々結び	SVqedq-_Y7Y
富士葵	【富士葵】flamingo/米津玄師【歌ってみた】	flamingo	LpFlorv28_A
富士葵	【歌ってみた】君の知らない物語/supercell【富士葵】『化物語ed』	君の知らない物語	bsgU_M83lJM
富士葵	エイリアンエイリアン	エイリアンエイリアン	PLBi20neHbM
富士葵	【富士葵】ピースサイン/米津玄師【歌ってみた】	ピースサイン	w2FjVnLyL8o
富士葵	【歌ってみた】precious /伊藤由奈『limit of love海猿』主題歌	precious	gfhs3BTWQPM
富士葵	【歌ってみた】時を刻む唄/lia 『clannad 〜after story〜』	時を刻む唄	kNzQowN6Z6M
富士葵	【多重録音・全部俺】jupiter/富士葵【歌ってみた】	jupiter	WVcny1IhWJ4
富士葵	【歌ってみた】you/癒月『ひぐらしのなく頃に』【弾き語り】	you	caPn1JQ2enY
富士葵	【歌ってみた】鳥の詩/lia 『air』	鳥の詩	_R-khs0_rJU
富士葵	【cover】射手座☆午後九時don't be late/シェリル・ノーム starring may'n 『マクロスf』	射手座☆午後九時don't be late	tAZlcp4mT-g
富士葵	【zekkei】桜坂/福山雅治 sakurazaka/masaharu fukuyama【cover】	桜坂	Okb7BGUwHLw
富士葵	【cover】ウィキッド『魔法使いと私』/wicked "the wizard and i"	魔法使いと私	zrFFXpZa23I
富士葵	secret base ~君がくれたもの~	secret base ~君がくれたもの~	rjYkPF4_g80
富士葵	fight!公式応援ソング『君のミライ』	君のミライ	NT9ZqcskfE4
富士葵	【cover】赤鬼と青鬼のタンゴ【みんなのうた】	赤鬼と青鬼のタンゴ	3MoW6LUolb8
富士葵	【cover】ひこうき雲/荒井由実(松任谷由実) hikouki gumo/yumi arai(yumi matsutoya)【弾き語り】	ひこうき雲	YRMvGOA43Sc
富士葵	【cover】花ハ踊レヤいろはにほ/チーム“ハナヤマタ”『ハナヤマタ』【踊ってみた】	花ハ踊レヤいろはにほ	szyhyrYg7Cw
富士葵	【cover】夏祭り/jitterin'jinn・whiteberry natsu matsuri/jitterin'jinn.whiteberry	夏祭り	H6sAxQi8OM0
富士葵	【cover】夏色/ゆず natsu iro/yuzu	夏色	RbBo0ERC90Y
富士葵	【cover】rain/大江千里・秦基博 rain/senriohe.motohirohata『言の葉の庭』	rain	qhjULwm8tUs
富士葵	【cover】ライオン/may'n/中島愛 - 富士葵×ときのそらコラボ「そらあお」で歌ってみた	ライオン	rn54OXCuTZs
富士葵	【cover】トライ・エヴリシング/dream ami『ズートピア』try everything/dream ami	トライ・エヴリシング	vkSFyx2vRkA
富士葵	【cover】nippon/椎名林檎 - nippon/sheena ringo	nippon	pSVdXYWSHxQ
富士葵	【cover】明日への手紙/手嶌葵『いつかこの恋を思い出してきっと泣いてしまう』asu e no tegami/aoi teshima	明日への手紙	1Nlt9Vy4CuM
富士葵	【cover】ありがとう/いきものがかり『ゲゲゲの女房』 arigato/ikimonogakari"gegege no nyobo"	ありがとう	ZCF8AiaAd5c
富士葵	【ありがとう】未来への旅立ちの日に	未来への旅立ちの日に	yIOX6MA4B7M
富士葵	【cover】one more time, one more chance,/山崎まさよし『秒速5センチメートル』	one more time, one more chance,	Q6lioMo1Qwg
富士葵	【cover】butter-fly/和田光司『デジモンアドベンチャー』 butter-fly/koji wada”digimon adventure”	butter-fly	TtgvPFkWQJo
富士葵	【cover】卒業写真/松任谷由実 sotsugyoshashin/yumi matsutoya	卒業写真	XsyobVYi46Q
富士葵	【cover】春よ、来い/松任谷由実 haru yo koi/yumi matsutoya	春よ、来い	v-oX-iq3l0c
富士葵	【cover】歩いて帰ろう/斉藤和義『ポンキッキーズ』aruite kaerou/kazuyoshi saito "ponkickies"	歩いて帰ろう	Qr1e-XuGuM8
富士葵	【cover】フリージア/uru『機動戦士ガンダム 鉄血のオルフェンズ』freesia/uru "mobile suit gundam: iron-blooded orphans"	フリージア	sPE9vVOWjUE
富士葵	【cover】3月9日/レミオロメン march 9th/remioromen	3月9日	FbqMJ1UucsY
富士葵	【cover】サザンカ/sekai no owari sazanka/sekai no owari	サザンカ	8CNM6H_FKDY
富士葵	【cover】変わらないもの/奥華子『時をかける少女』kawaranai mono/oku hanako "the girl who leapt through time"	変わらないもの	qeGDonntEzI
富士葵	☆4万人登録ありがとう☆【cover】tomorrow/アニー<ミュージカル>	tomorrow	q9Esydf9EyI
富士葵	【cover】奏(かなで)/スキマスイッチ『一週間フレンズ。』kanade/sukima switch "one week friends"	奏	_E6f7gHX0R8
富士葵	【cover】富士葵、スーザンボイルと呼ばれて 夢やぶれて/les misérables	夢やぶれて	5nH5mFg9xYA
富士葵	【cover】希望という名の光/山下達郎  a ray of hope/tatsuro yamashita	希望という名の光	a1POL45GTTI
富士葵	【cover】炎のたからもの/bobby『カリオストロの城』treasures of time/bobby "the castle of cagliostro"	炎のたからもの	lMDs6mHrGVk
富士葵	【cover】テルーの唄/手嶌葵『ゲド戦記』therru's song/aoi teshima "tales from earthsea"	テルーの唄	CLvFdndsRuk
富士葵	【cover】前前前世(movie ver.)/radwimps 『君の名は。』 zenzenzense "your name"	前前前世	rNcmaeY37rM
富士葵	ファイト!	ファイト!	-7-DiqcyeXw
富士葵	【cover】なんでもないや/radwimps 『君の名は。』 nandemonaiya "your name"	なんでもないや	2icJhamXyA0
富士葵	【cover】スパークル/radwimps 『君の名は。』 sparkle "your name"	スパークル	2z2qTuiwfrM
町田ちま	【歌ってみた】変わらないもの/奥華子【町田ちま】	変わらないもの	Cch-8tl4z2g
町田ちま	【歌ってみた】打上花火【町田ちまとゴンザレス】	打上花火	5hhpkY0Ht6w
町田ちま	【アカペラ】未来へ/kiroro【町田ちま】	未来へ	dB3UEHDBqE8
町田ちま	【アカペラ】ありがとう/いきものがかり【町田ちま】	ありがとう	dLDDvmNMNUU
町田ちま	【歌ってみた】フリージア/uru【町田ちま】	フリージア	h41KFaq4UXc
える	【歌ってみた】ハロ/ハワユ【手描きpv】	ハロ/ハワユ	d1CR_M0Bvec
える	【歌ってみた】秘蜜~黒の誓い~【手描きpv】	秘蜜~黒の誓い~	Kj9TcSh19ZM
虹河ラキ	#26 「君の知らない物語」|歌ってみた【虹河ラキ/vtuber】	君の知らない物語	T39QLAMhruI
虹河ラキ	#34【歌ってみた】「時計仕掛けの夢」【虹河ラキ/vtuber】	時計仕掛けの夢	Fn9YxucRNOc
虹河ラキ	「joy to the world」歌ってみた【虹河ラキ】	joy to the world	A9Ah8ml6TzU
虹河ラキ	「もろびとこぞりて」歌ってみた【虹河ラキ】	もろびとこぞりて	qnFbT7FOmkw
虹河ラキ	「青い栞」(arranged by yuigot) ショートver「imagination vol.1」より【虹河ラキ】	青い栞	HxnaBlZUd38
虹河ラキ	「惑星ループ」歌ってみた【虹河ラキ】	惑星ループ	0SU--Oo5imc
AZKi	【マクロスf】ライオン 歌ってみた azki&千条アリア【コラボ】	ライオン	JJsSEUk8vxc
AZKi	【花譜】糸 歌ってみた azki【絡まる意図が濡れて解けなくて】	糸	5Pmt9gVmvmM
AZKi	【花譜】心臓と絡繰 歌ってみた azki【この気持ちは全部私のものだ】	心臓と絡繰	jKJ5a7gVkH8
AZKi	【ヨルシカ】ただ君に晴れ 歌ってみた azki【君のポケットに夜が咲く】	ただ君に晴れ	_JoXN6LdcDY
AZKi	【ずとまよ】秒針を噛む 歌ってみた azki【みんなに教えてもらった】	秒針を噛む	Gni3co__EPI
AZKi	【コレサワ】たばこ 歌ってみた azki【jpop初挑戦!】	たばこ	UnM2_ddXNYk
AZKi	【私の進化の】二息歩行 歌ってみた azki【1ページ目】	二息歩行	aQ6Hir0wlVg
AZKi	【とらドラ!】オレンジ 歌ってみた azki【オレンジ】	オレンジ	7o_YL35T93w
AZKi	【セブンティーンな】セブンティーナ 歌ってみた azki【フォーチュネス】	セブンティーナ	qokrSyGZTiM
AZKi	【歌ってみた】イヤイヤちゃんのうた【mixもazki】	イヤイヤちゃんのうた	f8F8yNVDUEo
AZKi	【ギルティクラウン】my dearest 歌ってみた azki【supercell】	my dearest	lxJ7SXMEPto
AZKi	【アニソン】only my railgun 歌ってみた azki【初挑戦】	only my railgun	O4Oz8Gn6oDY
AZKi	【do you love】sweet devil 歌ってみた azki【sweet devil?】	sweet devil	VAvd842cCYM
AZKi	【声を枯らして】just be friends -piano.ver- 歌ってみた azki【叫んだ】	just be friends	SdgFVX0FsgE
AZKi	【1stオリジナルソング】creating world【開拓するの私の世界】	creating world	ZkvtKUQp3nM
AZKi	【2ndオリジナルソング】リアルメランコリー【私と似てる気持ちの君へ】	リアルメランコリー	ad-6W3bazMs
AZKi	【3rdオリジナルソング】フェリシア/azki【azki white】	フェリシア	JZTVchX8qJs
AZKi	【4thオリジナルソング】i can't control myself/azki【azki black】	i can't control myself	tum7dljV2ts
皆守ひいろ	【cover】いのちの名前 / 皆守ひいろ 【生誕記念】	いのちの名前	OPByokAk_C4
皆守ひいろ	【半年記念】心拍数#0822 -piano ver- / 皆守ひいろ 🌻	心拍数#0822	jcWRtTEIvlQ
皆守ひいろ	【歌ってみた】ぶいちゅっばの歌 / 皆守ひいろ 🌻	ぶいちゅっばの歌	MUQTdeDke1M
皆守ひいろ	【1万人記念】ピースサイン -piano ver- / 皆守ひいろ 🌻	ピースサイン	oXKnpHOg4Zw
ヒメヒナ	【1周年記念】いーあるふぁんくらぶ【歌って踊ってみた!】	いーあるふぁんくらぶ	3h6qU080brA
ヒメヒナ	himehina『 ヒトガタ』mv	ヒトガタ	J8PUUv4LFkQ
ヒメヒナ	himehina『ロキ(cover)』mv	ロキ	mtb-qa8xvFU
ヒメヒナ	himehina『太陽系デスコ (cover)』mv	太陽系デスコ	DdqEdO4EOuU
ヒメヒナ	himehina『劣等上等(cover)』mv	劣等上等	il4cAeVzZwI
ヒメヒナ	himehina『ようこそジャパリパークへ(cover) 』mv  feat.ばあちゃる48/ねこます	ようこそジャパリパークへ	He6NNULUom0
ヒメヒナ	【田中ヒメ耐久】echo 女児語で歌って踊ってみた	echo	H2wdu1ndmmI
水瓶ミア	【vtuber】カゲロウデイズ / 水瓶ミア【歌ってみた】	カゲロウデイズ	9uLRCpOwM5E
水瓶ミア	【vtuber】雨とペトラ / バルーン(covered by 水瓶ミア)	雨とペトラ	v1QrP98m6lo
水瓶ミア	【水瓶ミア】ビースト・ダンス - 和田たけあき(くらげp) / beast dance - kurage【歌ってみた】	ビースト・ダンス	qMYNR5MycYY
水瓶ミア	【歌ってみた】劣等上等 giga / 水瓶ミア×獅子神レオナ【vtuber】	劣等上等	ZTQLWq8BYP8
水瓶ミア	【女性が歌う】flamingo(米津玄師)/ vo.水瓶ミア / sony 完全ワイヤレスヘッドホン cmソング【vtuber】	flamingo	sxDsj1-8xcI
水瓶ミア	エメラルドシティ / emerald city - tokotoko(西沢さんp)  feat.水瓶ミア【歌ってみた】	エメラルドシティ	w_i0vzngMIo
水瓶ミア	【オリジナルmv】booo! - tokotoko(西沢さんp) feat.水瓶ミア【歌ってみた】	booo!	A_FSgbyq2bE
水瓶ミア	【歌ってみた】ハートトゥハート / heart to heart  - tokotoko(西沢さんp) feat.水瓶ミア	ハートトゥハート	3OdNuJasK4s
水瓶ミア	【女性が歌う】teenage riot(米津玄師) / vo.水瓶ミア / 『gatsby cop』cmソング【vtuber】	teenage riot	8A1NXt4JyDg
水瓶ミア	【歌って作ってみた】いーあるふぁんくらぶ short ver.【水瓶ミア】	いーあるふぁんくらぶ	bM_RxY48DUk
水瓶ミア	【歌ってみた】deco*27 - 妄想感傷代償連盟 feat. 水瓶ミア	妄想感傷代償連盟	bzLI7ovt2hY
因幡はねる	【ねるらん】こちら、幸福安心委員会です。/うたたp 歌ってみたよ【因幡はねる&日ノ隈らん / あにまーれ】	こちら、幸福安心委員会です。	j25TO8dJopI
因幡はねる	ハロ/ハワユ (hello / how are you) を50,000人記念に歌ってみたよ【因幡はねる / あにまーれ】	ハロ/ハワユ	4Pj3Xur2kGU
因幡はねる	角田信朗の「よっしゃあ漢唄」を歌ってみたよ【因幡はねる / あにまーれ】	よっしゃあ漢唄	zuvwNhqXG9w
因幡はねる	おねがいダーリン 歌ってみたよ【因幡はねる / あにまーれ】	おねがいダーリン	vkv2Zympksg
シスター・クレア	おねがいダーリン シスター・クレア	おねがいダーリン	1QY4ex7oLd4
シスター・クレア	シスター・クレアイメージソング第一弾「しゅわしゅわナインティーン」	しゅわしゅわナインティーン	D3aaXlaK0qo
シスター・クレア	シスター・クレアイメージソング第二弾「花に祈りを、あなたに愛を」	花に祈りを、あなたに愛を	JWeasOQUtC4
シスター・クレア	【歌】シスター・クレアイメージソング pray 【第三弾歌わせて頂きました】	pray	KcHmaqme-wU
夜霧メイ	【eve】ラストダンス 歌ってみた【夜霧メイ】	ラストダンス	aZwJ1sF--AQ
夜霧メイ	白い雪のプリンセスは 歌ってみた - 夜霧メイ【vtuber】	白い雪のプリンセスは	0UQsJAEh2XY
夜霧メイ	【歌ってみた】スイートマジック/夜霧メイ【vtuber】	スイートマジック	0_65Dex9S3k
夜霧メイ	【じーざすp】ぼうけんのしょがきえました! / vo.夜霧メイ&多々星シエル【歌ってみた】	ぼうけんのしょがきえました!	BZ3F4vgFugw
夜霧メイ	しんでしまうとはなさけない! / vo.多々星シエル&夜霧メイ【歌ってみた】	しんでしまうとはなさけない!	Y9sefVNyjaU
夜霧メイ	打上花火/daoko × 米津玄師(covered by 花鋏キョウ & 夜霧メイ)	打上花火	fiY2Dug7U-s
夜霧メイ	【歌ってみた】君の体温/夜霧メイ 【vtuber】	君の体温	KUgw1imR46E
夜霧メイ	【米津玄師】砂の惑星 feat.初音ミク/ハチ -cover 夜霧メイ【vtuber】	砂の惑星	MxH60Se7Myc
夜霧メイ	【歌ってみた】メランコリック/夜霧メイ【vtuber】	メランコリック	Eu-s8pNXaFg
夜霧メイ	【vtuber】ウミユリ海底譚 by 夜霧メイ【歌ってみた】	ウミユリ海底譚	wEIicDrerM8
夜霧メイ	【vtuber】ドラマツルギー/夜霧メイ【歌ってみた】	ドラマツルギー	6dmC6jdGI30
ヒヅキミウ	ロキ - みきとp(cover)/ヒヅキミウ【一人で歌ってみた】#012	ロキ	fjxJAkA567M
ヒヅキミウ	米津玄師 flamingo / covered by ヒヅキミウ【歌ってみた】	flamingo	yN0HVfp3_hI
ヒヅキミウ	ハロ/ハワユ 歌ってみた 【公開収録曲】- ヒヅキミウ #30	ハロ/ハワユ	5ZbkZ6eq2MQ
ヒヅキミウ	恋愛サーキュレーション歌ってみた【公開収録曲】/ヒヅキミウ	恋愛サーキュレーション	qhEo3Ig1Zp4
ヒヅキミウ	だんだん早くなる【歌ってみた】covered by ヒヅキミウ	だんだん早くなる	ZvJ7x145L_0
綺羅星ウタ	ヒバナ/deco*27(cover by 綺羅星ウタ)【歌ってみた】	ヒバナ	4PiKmy6nFJo
綺羅星ウタ	ベノム / かいりきベア(cover by 綺羅星ウタ)【歌ってみた】	ベノム	aOrvFU7OCRE
綺羅星ウタ	ジグソーパズル/綺羅星ウタ【歌ってみた】	ジグソーパズル	i23gojoUB9g
綺羅星ウタ	【女性が歌う】back number / クリスマスソング(cover by 綺羅星ウタ)【vtuber】	クリスマスソング	ObE94rXhv18
綺羅星ウタ	愛言葉iii - deco*27(cover) / 綺羅星ウタ【歌ってみた】	愛言葉iii	mhoCEhPIou8
綺羅星ウタ	【女性が歌う】そっけない/radwimps(covered by 綺羅星ウタ)	そっけない	4Z_vNfSZ7iQ
綺羅星ウタ	【艦これop】海色(みいろ) 歌ってみた ver.綺羅星ウタ	海色	0na5fceNslU
綺羅星ウタ	太陽系デスコ / ナユタン星人(cover) - 綺羅星ウタ【歌ってみた】	太陽系デスコ	ckbIK9sqs98
綺羅星ウタ	【歌ってみた】夜明けと蛍 /ヨルシカ【cover by 綺羅星ウタ(vtuber)】	夜明けと蛍	5t8H3A8bsAQ
綺羅星ウタ	hello, morning	hello, morning	YaTAFzxuF40
綺羅星ウタ	私、アイドル宣言 /chico with honeyworks【歌ってみた】ver.綺羅星ウタ	私、アイドル宣言	24bwcvdWRUU
綺羅星ウタ	【kagayaki stars】セツナトリップ/綺羅星ウタ【歌ってみた】	セツナトリップ	QEXbMZ-k9Ck
綺羅星ウタ	【メンヘラ女が】乙女解剖/綺羅星ウタ【原キーで歌ってみた】	乙女解剖	fnWO7cv8YuQ
綺羅星ウタ	【ねぇ〇〇してくれる?///】おねがいダーリン/綺羅星ウタ【歌ってみた】	おねがいダーリン	Irub5EtKgtA
綺羅星ウタ	【獅子神レオナ&綺羅星ウタ】 再教育 【歌ってみた】	再教育	Qs4x4Ko4rAY
綺羅星ウタ	【やっと好きって言えたvtuberが】さよならメモリーズ/綺羅星ウタ【歌ってみた】	さよならメモリーズ	q3YqkY9Erc4
双理マイ	【天声に】ダダダダ天使/歌ってみたver.双理マイ【ナナヲアカリ】	ダダダダ天使	yww1XhzPZMY
双理マイ	【天声に】ドナーソング/vo:双理マイ【歌ってみた】	ドナーソング	9VhExJPnQEM
双理マイ	【天声に】ダダダダ天使/歌ってみたver..双理マイ【ナナヲアカリ】	ダダダダ天使	Fi1AZKsQ1IU
双理マイ	【中毒性maxで天声に】無頼ック自己ライザー/vo.双理マイ【歌ってみた】	無頼ック自己ライザー	ONfon5WvejE
双理マイ	【天声に心を込めて】心做し(オリジナルpv)/vo.双理マイ【歌ってみた】	心做し	Ih9drJnAYfI
双理マイ	【天声に】ミスター・ダーリン/honeyworks/vo.双理マイ【歌ってみた】	ミスター・ダーリン	dzjBGDrMfWM
双理マイ	【天声に】愛言葉iii / vo.双理マイ【愛を込めて歌ってみた】	愛言葉iii	N1vE_zgnwjc
双理マイ	夢ファンファーレ / 花鋏キョウ×双理マイ【歌ってみた】	夢ファンファーレ	AAbLoF-zc_8
双理マイ	【obk‘s】好き!雪!本気マジック【歌ってみた】	好き!雪!本気マジック	d2HPMxnK2x4
双理マイ	【米津玄師】teenageriot / vo.双理マイ【天声に歌ってみた】	teenageriot	rztdjDiHvWg
双理マイ	小さなライオン / 双理マイ×花鋏キョウ【歌ってみた】	小さなライオン	kX1Yyv6LWps
双理マイ	【obk‘s】神のまにまに【歌ってみた】	神のまにまに	Inbifi8dDMw
双理マイ	君の知らない物語	君の知らない物語	RtBEpiqpO-c
双理マイ	【甘くとろける】チョコレイト・ディスコ/perfume【歌ってみた】	チョコレイト・ディスコ	37HiMdhEsjk
双理マイ	【劇場版sao】catch the moment/lisa-双理マイver.【歌ってみた】	catch the moment	HOtzFRYyDAg
双理マイ	奏	奏	jXtbXGN137k
多々星シエル	ロキ 歌ってみた【多々星シエル×双理マイ】	ロキ	eAtVu6qtC5s
多々星シエル	【obk's】桜ノ雨【歌ってみた】	桜ノ雨	GdRNa72_3hU
多々星シエル	ドラマツルギー by 多々星シエル【歌ってみた】	ドラマツルギー	OiMv0kRLmQU
多々星シエル	tete-a-tete / 多々星シエル【歌ってみた】	tete-a-tete	iiEJpByh32I
多々星シエル	【obk‘s】神のまにまに【歌ってみた】	神のまにまに	Inbifi8dDMw
多々星シエル	【じーざすp】ぼうけんのしょがきえました! / vo.夜霧メイ&多々星シエル【歌ってみた】	ぼうけんのしょがきえました!	BZ3F4vgFugw
多々星シエル	しんでしまうとはなさけない! / vo.多々星シエル&夜霧メイ【歌ってみた】	しんでしまうとはなさけない!	Y9sefVNyjaU
多々星シエル	【obk‘s】好き!雪!本気マジック【歌ってみた】	好き!雪!本気マジック	d2HPMxnK2x4
多々星シエル	【二人で歌う】lemon / 多々星シエル×ゆにゆにこ【歌ってみた】	lemon	5pXwLz07tXI
多々星シエル	lisa 『adamas』cover by 多々星シエル(tvアニメ「ソードアート・オンライン アリシゼーション」opテーマ)	adamas	OYwNrAyzLeI
多々星シエル	【初コラボ】一度だけの恋なら - ゆにゆにこ × 多々星シエル《mv vtuber》	一度だけの恋なら	8l4pVGkapqQ
多々星シエル	【逢いにきて】気まぐれメルシィ / vo.多々星シエル【歌ってみた】	気まぐれメルシィ	qIUyIOvS8HE
多々星シエル	心做し / 多々星シエル【歌ってみた】	心做し	3lJ8-SuZilE
多々星シエル	【女性が歌う】teenage riot(米津玄師)/ vo.多々星シエル / 『gatsby cop』cmソング【vtuber】	teenage riot	xXruNs5kzaA
多々星シエル	【女性が歌う】flamingo(米津玄師)/vo.多々星シエル/sony 完全ワイヤレスヘッドホン cmソング【vtuber】	flamingo	3PC1PnH8JZk
多々星シエル	【カガスタ第2弾ハロウィンソング】『ホーンテッド・パーティナイト』full ver.	ホーンテッド・パーティナイト	GPohIBa2sGc
多々星シエル	sweet devil /多々星シエル【歌ってみた】	sweet devil	p2UMfG8w8L0
多々星シエル	恋愛裁判 /多々星シエル【歌ってみた】	恋愛裁判	JO72VNKaV5E
多々星シエル	右肩の蝶/多々星シエル 【歌ってみた】	右肩の蝶	ASDKbi_C0TU
多々星シエル	【歌ってみた】carry me off  / 多々星シエル 【kagayaki stars】	carry me off	3gM0H6jjekU
丑牡てぃあ	少女レイ/みきとp(cover) ver.丑牡てぃあ【歌ってみた】	少女レイ	tZvQdE9aE-8
丑牡てぃあ	世田谷ナイトサファリ/みきとp(cover) ver. 丑牡てぃあ 【歌ってみた】	世田谷ナイトサファリ	rzbNDwiKcWY
丑牡てぃあ	ロキ 歌ってみた【丑牡てぃあ】	ロキ	5OV_rEcDy5Q
丑牡てぃあ	【歌ってみた】夢ファンファーレ - 丑牡てぃあ × 獅子神レオナ	夢ファンファーレ	6tJo5NWpdMQ
千条アリア	【myth & roid】paradisus-paradoxum/夜乃ノア【cover】	paradisus-paradoxum	nOWwZnjI6lA
千条アリア	【mmd】好き!雪!本気マジック/千条アリア【歌って踊ってみた】	好き!雪!本気マジック	PpXA6T35Nf8
千条アリア	【mmd】おねがいダーリン/千条アリア【歌って踊ってみた】	おねがいダーリン	KEezJNtTx1Y
千条アリア	【花奏かのん×千条アリア】丸の内サディスティック 歌ってみた【誕生日おめでとう】	丸の内サディスティック	I0gfcx2GfqY
千条アリア	【千条アリア】少女レイ  みきとp【cover】	少女レイ	cbxh9vdwgvI
千条アリア	【千条アリア】deco*27 - 愛言葉iii 【cover】	愛言葉iii	DkSfzGntEmY
千条アリア	パズルガール 歌ってみた【千条アリア】	パズルガール	bMM87E6APOU
千条アリア	おねがいダーリン 歌ってみた【千条アリア】	おねがいダーリン	j7-YXDpD1QE
千条アリア	【即興】風になる を歌ってみた。【千条アリア】	風になる	pB7D3WiPdWA
ちくわ	flamingo - 米津玄師 / (covered by ちくわ) 歌ってみた	flamingo	KugjsnbjJEE
ちくわ	【一人二役で】ロキ / ちくわ【歌ってみた】	ロキ	_xsACc507t4
ちくわ	からくりピエロ  / ちくわ【歌ってみた】	からくりピエロ	fYR5GhCD-WY
ちくわ	mrs.pumpkinの滑稽な夢	mrs.pumpkinの滑稽な夢	Rx0YE8pKKtQ
ちくわ	君の知らない物語 / ちくわ【歌ってみた】	君の知らない物語	NDKSDxhQxtc
ちくわ	シャルル / ちくわ【歌ってみた】	シャルル	XNS90rp_9kY
ちくわ	ゴリラ×ちくわオンステージ「打上花火/daoko×米津玄師」	打上花火	SYjZMjAhgmo
ちくわ	【sao】crossing field / ちくわ【歌ってみた】	crossing field	5jEEc-738iE
ちくわ	【カードキャプターさくらop】プラチナ / ちくわ【歌ってみた】	プラチナ	IpO7S8o2NQ8
ちくわ	【セーラームーン】ムーンライト伝説 / ちくわ【歌ってみた】	ムーンライト伝説	X3SyK4TpIx8
ちくわ	すーぱーぬこわーるど / ちくわ【歌ってみた】	すーぱーぬこわーるど	OiXNiC-3MgE
ちくわ	エイリアンエイリアン / ちくわ 【歌ってみた】	エイリアンエイリアン	M86C3Mo4Ro8
ちくわ	廃都アトリエスタにて / (covered by ちくわ) 歌ってみた	廃都アトリエスタにて	PwQVUMuEPsY
ちくわ	灰色と青 - 米津玄師+菅田将暉 / (covered by ちくわ&竹花ノート) 歌ってみた	灰色と青	kp6iiW_wMrY
星乃めあ	夜咄ディセイブ - じん / 星乃めあ × 音羽ララ (cover)【歌ってみたコラボ】	夜咄ディセイブ	Q3ThnDOa_kQ
星乃めあ	say チーズおかき - キズナアイ(cover) / 星乃めあ【歌ってみた】	say チーズおかき	FyGdXbXti74
星乃めあ	桜ノ雨 - 初音ミク (cover) / 星乃めあ【歌ってみた】	桜ノ雨	VWB1saZriLA
星乃めあ	【替え歌】 チカっとチカ千花っ♡ (めあっとめあめあっ♡) / 星乃めあ【歌ってみた】tvアニメ『かぐや様は告らせたい~天才たちの恋愛頭脳戦~』ed	チカっとチカ千花っ♡	A3UyLe4pB28
星乃めあ	チカっとチカ千花っ♡ - 藤原千花 (cover) / 星乃めあ【歌ってみた】tvアニメ『かぐや様は告らせたい~天才たちの恋愛頭脳戦~』ed	チカっとチカ千花っ♡	jaN7Dq_dz9w
星乃めあ	ヒトガタ - himehina (cover) / 春原つくし × 星乃めあ【歌ってみたコラボ】tvアニメ「バーチャルさんはみている」ed曲 ヒメヒナ	ヒトガタ	DBqzISyJ1YA
星乃めあ	ゴーストルール - deco*27 (cover) / 星乃めあ【歌ってみた】	ゴーストルール	2LN89yS2fek
星乃めあ	カワキヲアメク - 美波(弾き語りcover) / 星乃めあ【歌ってみた】(tvアニメ「ドメスティックな彼女」オープニングテーマ)	カワキヲアメク	yjScEL0MBIE
星乃めあ	ピースサイン - 米津玄師(cover) / 星乃めあ【歌ってみた】tvアニメ「僕のヒーローアカデミア」opテーマ kenshi yonezu / peace sign	ピースサイン	n4R8Re2ObTA
星乃めあ	星間飛行 - ランカ・リー(cover) / 星乃めあ【歌ってみた】tvアニメ『マクロスf』オープニングテーマ	星間飛行	iqPdlMS5QGY
星乃めあ	ルーティン - かしこまり(アコースティックcover) / 星乃めあ【歌ってみた】	ルーティン	qzXm-qz7xJ4
星乃めあ	ジェットロケット - lisa(弾き語りcover) / 星乃めあ【歌ってみた】	ジェットロケット	72JaxPvT2Cs
星乃めあ	透明声彩 - yuni(弾き語りcover) / 星乃めあ【歌ってみた】	透明声彩	lVB_FrPxkS4
星乃めあ	【原キー】乙女解剖 - deco*27(cover) / 星乃めあ【歌ってみた】オリジナルmv	乙女解剖	bYKLPlyIWdk
星乃めあ	夜行性ハイズ - deco*27(cover) / 星乃めあ【歌ってみた】	夜行性ハイズ	8ZRA5DcUSKU
星乃めあ	眩しいdnaだけ - ずっと真夜中でいいのに。(弾き語りcover) / 星乃めあ【歌ってみた】	眩しいdnaだけ	maE8K0GyHWY
星乃めあ	太陽系デスコ - ナユタン星人(cover) / 星乃めあ【歌ってみた】	太陽系デスコ	Braty2YdYHQ
星乃めあ	天使にふれたよ - 放課後ティータイム(cover) / 星乃めあ【歌ってみた】tvアニメ『けいおん!!』挿入歌	天使にふれたよ	cMGqk5wbdPQ
星乃めあ	エイリアンエイリアン - ナユタン星人(cover) / 星乃めあ【歌ってみた】	エイリアンエイリアン	AF1MkAWkWQI
星乃めあ	恋のマシュマロ - たすくこま(cover) / 星乃めあ【歌ってみた】	恋のマシュマロ	UVI9-GCNgLA
星乃めあ	雪の華 - 中島美香(cover) / 星乃めあ【歌ってみた】映画『雪の華』2019年2月1日(金)公開	雪の華	umbh3EYFguY
星乃めあ	生きていたんだよな - あいみょん(弾き語りcover) / 星乃めあ【歌ってみた】ドラマ「吉祥寺だけが住みたい街ですか?」オープニングテーマ	生きていたんだよな	VhLBHYNMkjQ
星乃めあ	恋愛サーキュレーション - 千石撫子(花澤香菜) / 星乃めあ【歌ってみた】tvアニメ「化物語」opテーマソング	恋愛サーキュレーション	ARg70WccJYI
星乃めあ	ignite - 藍井エイル(cover) / 星乃めあ【歌ってみた】tvアニメ『ソードアート・オンラインii』opテーマ曲	ignite	Jz_I0jS3rFk
星乃めあ	オーケストラ - bish(cover) / 星乃めあ【歌ってみた】	オーケストラ	7XxOQY5p68U
星乃めあ	完全感覚dreamer	完全感覚dreamer	TspYPWB_Tlw
星乃めあ	catch the moment - lisa(cover) / 星乃めあ【歌ってみた】「劇場版 ソードアート・オンライン -オーディナル・スケール-」主題歌	catch the moment	JyAW0uBpnyE
星乃めあ	【歌ってみたコラボ】水樹奈々×t.m.revolution『革命デュアリズム』- 星乃めあ × たすくこま【オリジナルmv】tvアニメ「革命機ヴァルヴレイヴ」2nd season オープニングテーマ	革命デュアリズム	N7K8vAyhtYg
星乃めあ	シャルル - バルーン(cover) / 星乃めあ【歌ってみた】	シャルル	XpKVXi4YatA
星乃めあ	【歌ってみた】ときのそら × アゴアニキ「海より深い空の下」- 星乃めあ【オリジナルmv】	海より深い空の下	EM1dnCcA7Yw
星乃めあ	【歌ってみた】ときのそら × はるまきごはん「そんな雨の日には」- 星乃めあ【オリジナルmv】	そんな雨の日には	7CpvLw6WnfM
星乃めあ	pop virus - 星野源(弾き語りcover) / 星乃めあ【歌ってみた】	pop virus	a6dJ-WDWbQ0
星乃めあ	アスノヨゾラ哨戒班 - orangestar(cover) / 星乃めあ【歌ってみた】	アスノヨゾラ哨戒班	1bpz72f1Wvg
星乃めあ	ハッピーエンド - back number(cover) / 星乃めあ【歌ってみた】映画「ぼくは明日、昨日のきみとデートする」主題歌	ハッピーエンド	h9dBTEt_grU
星乃めあ	【歌ってみた】レイメイ - さユり×my first story うた:星乃めあ×たすくこま【tvアニメ『ゴールデンカムイ』第2期のオープニングテーマ】	レイメイ	3MXSUzo-szg
星乃めあ	【歌ってみた】たすくこま「もしもこれが恋だと知っても」- 星乃めあ【cover】	もしもこれが恋だと知っても	X1s5elUyZiM
星乃めあ	オールドファッション - back number(cover) / 星乃めあ【歌ってみた】tbs系 金曜ドラマ「大恋愛~僕を忘れる君と」主題歌	オールドファッション	6s7yNeQZz9Q
星乃めあ	粉雪 - レミオロメン(cover) / 星乃めあ【歌ってみた】	粉雪	2trUEIZT-HQ
星乃めあ	【歌ってみた】ときのそら × シグナルp「wandering days」- 星乃めあ【オリジナル・ボカロpコラボ第2弾】	wandering days	vozjCNxLQOQ
星乃めあ	クリスマスソング - back number(cover) / 星乃めあ【歌ってみた】『5→9~私に恋したお坊さん~ 』主題歌	クリスマスソング	gSkVAujpA5E
星乃めあ	【歌ってみた】daoko × 米津玄師『打上花火』- 星乃めあ × たすくこま【コラボ】 映画「打ち上げ花火、下から見るか?横から見るか?」主題歌	打上花火	fUDIV1Mrlvw
星乃めあ	【女性が歌う】米津玄師 「lemon」- 星乃めあ【オリジナルmv】紅白出演おめでとうございます!tbs金曜ドラマ「アンナチュラル」主題歌	lemon	4HZIKzKo-zY
星乃めあ	愛言葉iii - deco*27(cover) / 星乃めあ【歌ってみた】	愛言葉iii	IjVWaqEueqU
星乃めあ	【女性が歌う】米津玄師 「flamingo」(covered by 星乃めあ)紅白出演おめでとうございます!/ソニー 完全ワイヤレスヘッドホン cmソング	flamingo	DEmNpwvsdnE
星乃めあ	【歌ってみた】米津玄師 「teenage riot」- 星乃めあ【オリジナルmv】紅白出演おめでとうございます!『gatsby cop』cmソング	teenage riot	65t-hpvhLLI
星乃めあ	【歌ってみた】未練レコード / 星乃めあ【ときのそら × 40mp】	未練レコード	S8TT0PEQ2v4
星乃めあ	モザイクロール - deco*27(cover) / 星乃めあ【歌ってみた】	モザイクロール	tCtZN7lRI0Y
星乃めあ	砂の惑星 - ハチ(米津玄師) / 星乃めあ【歌ってみた】初音ミク「マジカルミライ2017」テーマソング	砂の惑星	aU6FDM_vsO4
星乃めあ	god knows... - 涼宮ハルヒ(cover) / 星乃めあ【歌ってみた】tvアニメ「涼宮ハルヒの憂鬱」挿入歌	god knows...	UxndtiYKJyg
星乃めあ	lost my music - 涼宮ハルヒ(cover) / 星乃めあ【歌ってみた】tvアニメ「涼宮ハルヒの憂鬱」挿入歌	lost my music	XO016FUEOYM
星乃めあ	ムーンライト伝説 / 美少女戦士セーラームーン - cover by 星乃めあ	ムーンライト伝説	I1VfyIQsQEI
かぐらなな	トリノコシティ(coverd by カグラナナ)	トリノコシティ	nYxuxiEWK38
かぐらなな	メランコリック	メランコリック	bv3jPFYpruc
朝ノ姉妹	snow halation	snow halation	UR72t0xX5hw
朝ノ姉妹	『you』アカペラで歌ってみた【朝ノ瑠璃】	you	rwNis9LzU4U
朝ノ姉妹	【ボカロ】千本桜 feat 初音ミク by 朝ノ瑠璃	千本桜	I1OBfmDMuUw
朝ノ姉妹	『ダイアモンドクレバス』アカペラで歌ってみた【朝ノ瑠璃】	ダイアモンドクレバス	XJw0aA81phI
朝ノ姉妹	【歌ってみた】ハイカラ浪漫 by 朝ノ瑠璃	ハイカラ浪漫	WMdJNRqHqY4
朝ノ姉妹	happy birthday	happy birthday	PCAdIc_SLGk
朝ノ姉妹	【朝ノ瑠璃】拍手喝采歌合 歌ってみた	拍手喝采歌合	0bpHJTb3dbA
朝ノ姉妹	【朝ノ瑠璃】magnet 歌ってみた【琴みゆり】	magnet	pmXOjEe61pM
朝ノ姉妹	【コラボ】からくりピエロ 歌ってみた - 琴みゆり × 朝ノ瑠璃	からくりピエロ	VUNd8LYacNU
KNMZ LITA	丸の内サディスティック - 椎名林檎(cover) / #kmnz lita	丸の内サディスティック	VhyOgpL-NTg
KNMZ LITA	心做し - 蝶々p(cover) / kmnz lita	心做し	qjpMiegDnPw
KNMZ LITA	strawberry chips - halcali (cover) / kmnz	strawberry chips	8WRdfXYwuWU
KNMZ LITA	琥珀色の街、上海蟹の朝 - くるり(cover) / kmnz lita	琥珀色の街、上海蟹の朝	VrxmX_gVmnI
KNMZ LITA	水星 - tofubeats feat, オノマトペ大臣(cover)  / kmnz lita with yaca	水星	DFkSCdbwdZY
KNMZ LITA	小沢健二 - 強い気持ち・強い愛 (cover) / kmnz	強い気持ち・強い愛	Kw7y012xO7Y
KNMZ LITA	小沢健二 featuring スチャダラパー - 今夜はブギー・バック(cover) / kmnz	今夜はブギー・バック	BhWq-ceJa5k
KNMZ LITA	歌舞伎町の女王 - 椎名林檎(cover) / kmnz lita	歌舞伎町の女王	fTFW0ziumfM
KNMZ LITA	スチャダラパー - サマージャム '95(cover) / kmnz	サマージャム '95	VFkUSaO8cqQ
KNMZ LITA	コレサワ - たばこ(cover) / kmnz lita	たばこ	Co1Nx3YC8fM
KNMZ LITA	能動的三分間 - 東京事変(cover) / kmnz lita	能動的三分間	dFI4axmXFGo
KNMZ LITA	色彩のブルース - ego-wrappin' (cover) kmnz lita	色彩のブルース	AoBQYdzVLug
KNMZ LIZ	chocolate box - dezzy(一億円p) cover / kmnz liz リズ	chocolate box	mMsQXpfP4Ro
KNMZ LIZ	nectar - まふまふ feat. nqrse(cover) / kmnz liz リズ	nectar	NFp3KSTYirM
KNMZ LIZ	シャルル - バルーン(cover)/ kmnz liz	シャルル	dIsAIyTm0Gs
KNMZ LIZ	ふわふわ時間 - けいおん!(cover) / kmnz liz	ふわふわ時間	aIisOUoZIhc
KNMZ LIZ	happy halloween - junky(cover) / kmnz ケモノズ	happy halloween	NXwcJa73BoU
KNMZ LIZ	さようなら、花泥棒さん - メル(cover) / kmnz liz リズ	さようなら、花泥棒さん	RLpRiyblt-s
KNMZ LIZ	愛言葉iii - deco*27(cover) / kmnz liz	愛言葉iii	nQQ6BUvsdFQ
KNMZ LIZ	もってけ!セーラーふく - らき☆すた(cover)  / kmnz	もってけ!セーラーふく	CEO2EOPJ25A
KNMZ LIZ	メランコリック - junky feat.鏡音リン(cover)  / kmnz liz リズ	メランコリック	VEsIJeJ9pl0
KNMZ LIZ	そばかす - judy and mary(cover)  / kmnz liz リズ	そばかす	QIBY5NPmNDs
KNMZ LIZ	太陽系デスコ - ナユタン星人(cover) / kmnz liz リズ	太陽系デスコ	ggO4A8viiPI
KNMZ LIZ	luvoratorrrrry! - ギガp(cover) / kmnz ケモノズ	luvoratorrrrry!	puq0ZayTaAs
KNMZ LIZ	少女レイ - みきとp (cover) / kmnz liz	少女レイ	3PqeQQxTGhI
KNMZ LIZ	金星のダンス - ナユタン星人(cover) / kmnz liz	金星のダンス	PPkbBhQ6Cq4
KNMZ LIZ	ロキ - みきとp(cover) / kmnz liz	ロキ	EIbvKSUeta0
KNMZ LIZ	翡翠のまち - メル(cover) / kmnz liz	翡翠のまち	s-Dzjq9SdwU
鈴鹿詩子	【bgクラブ】脳漿炸裂ガール 歌ってみた - 森中花咲×鈴鹿詩子×モイラ【オリジナルmv】cover	脳漿炸裂ガール	-BZXZvOnRK0
鈴鹿詩子	【自作mv】シャルル 歌ってみた。【鈴鹿詩子】charles cover	シャルル	WGXkz1VGXVM
鈴鹿詩子	u.s.a./da pump 限界腐女子な歌のお姉さんvtuberが歌ってみた(鈴鹿詩子)cover by utako suzuka	u.s.a.	i003sNLSvU4
鈴鹿詩子	【恋愛サーキュレーション】歌ってみた。 renai circulation - bakemonogatari cover by utako suzuka	恋愛サーキュレーション	FXwlyNlC-20
鈴鹿詩子	「ダンスロボットダンス」歌ってみた【鈴鹿詩子】dance robot dance [nayutan seijin] cover by utako suzuka	ダンスロボットダンス	L4Tz3tER5MA
鈴鹿詩子	「girls」(easy pop様)アカペラで歌わせて頂きました!	girls	osRNtNYZ41c
鈴鹿詩子	『おねがいダーリン』アカペラで歌わせて頂きました。onegai darling! a cappella cover by utako suzuka	おねがいダーリン	9McF4pK8QDg
鈴鹿詩子	【君の名は。】 なんでもないや / radwimps (cover)鈴鹿詩子【聖地でのオリジナルpv】nandemonaiya "your name"/utako suzuka	なんでもないや	z8-DH73uCxA
鈴鹿詩子	乙女解剖歌ってみた【オリジナルmv】/鈴鹿詩子cover(utako suzuka)	乙女解剖	61k1YBAKQ7E
蒼月エリ	【cover】なんでもないや/radwimps【蒼月エリ / ハニスト】	なんでもないや	5gO-nlvSCUE
蒼月エリ	【弾き語りしてみた】花瓶の花/石崎ひゅーい【蒼月エリ / ハニスト】	花瓶の花	nDnZYl5DEmM
蒼月エリ	【歌ってみた】ぶいちゅっばの歌【蒼月エリ / ハニスト】	ぶいちゅっばの歌	CHfPfd2fQZk
蒼月エリ	【女性が歌う】米津玄師 「flamingo」/covered by 蒼月エリ【歌ってみた】	flamingo	rEdGV2p5nzc
ゆにゆにこ	【sword art online alicization op】adamas / lisa - ゆにゆにこ《vtuber, mv》	adamas	CE3O9w88BL4
ゆにゆにこ	【米津玄師】砂の惑星 / ハチ - ゆにゆにこ《vtuber, mv》	砂の惑星	mm424gCdVNM
ゆにゆにこ	【二人で歌う】lemon / 多々星シエル×ゆにゆにこ【歌ってみた】	lemon	5pXwLz07tXI
ゆにゆにこ	【初コラボ】一度だけの恋なら - ゆにゆにこ × 多々星シエル《mv vtuber》	一度だけの恋なら	8l4pVGkapqQ
ゆにゆにこ	【踊れるんだぞ?】太陽系デスコ / ナユタン星人 - ゆにゆにこ《mv, vtuber》	太陽系デスコ	sFdLZaBh0kQ
ゆにゆにこ	【歌ってみた】『愛言葉iii』/ deco*27 - ゆにゆにこ《mv vtuber》	愛言葉iii	gaZRrmObN5E
ゆにゆにこ	【女性が歌う】『teenage riot』/ 米津玄師 - ゆにゆにこ《mv vtuber》	teenage riot	9A80XFgSP0Q
ゆにゆにこ	【女性が歌う】『flamingo』/ 米津玄師 covered by ゆにゆにこ / 歌ってみた【mv vtuber sony cmソング】	flamingo	RVKn_efveuk
ゆにゆにこ	starringchild/aimer cover by ゆにゆにこ《機動戦士ガンダムuc gundam unicorn》	starringchild	IPtyRBP9AII
琴みゆり	asca 『resister』(ソードアート・オンライン アリシゼーション opテーマ)【歌ってみた】	resister	VrtHiCIqeys
琴みゆり	【歌ってみた】deco*27 - 夜行性ハイズ(cover)琴みゆり【vtuber】	夜行性ハイズ	lD_X-5bffsI
琴みゆり	【女性が歌う】ドラマツルギー/eve (+1キー)by 琴みゆり【歌ってみた】	ドラマツルギー	GzLcZrj8ZHg
琴みゆり	lisa 『adamas』- (full) ソードアート・オンライン アリシゼーション op 【covered by 琴みゆり】	adamas	ntaOucZv4z8
琴みゆり	【コラボ】からくりピエロ 歌ってみた - 琴みゆり × 朝ノ瑠璃	からくりピエロ	VUNd8LYacNU
琴みゆり	シャルル/琴みゆり【歌ってみた】	シャルル	IRJ0LTQLj70
琴みゆり	『少女レイ』/みきとp(covered by 琴みゆり)【歌ってみた】	少女レイ	cEZ23zApOfc
琴みゆり	『青空のラプソディ』/fhána(covered by 琴みゆり)【小林さんちのメイドラゴン op】【歌ってみた】	青空のラプソディ	0LzZX_gccLA
琴みゆり	『oath sign』/lisa(covered by 琴みゆり)【fate/zero op】【歌ってみた】	oath sign	3c0hB3D3LoA
琴みゆり	空色デイズ  / 中川翔子 (covered by 琴みゆり)【天元突破グレンラガン】	空色デイズ	-w1eurnd_K8
琴みゆり	『good-bye days』/yui(covered by 琴みゆり)【歌ってみた】	good-bye days	PO_CaYwDxXk
琴みゆり	『恋』/琴みゆり【歌ってみた】	恋	9H-hp_9uoXI
琴みゆり	『ハッピーシンセサイザ』/covered by 琴みゆり&射貫まとい【歌ってみた】	ハッピーシンセサイザ	QJAte_EbFdc
琴みゆり	hello, morning/琴みゆりver【歌ってみた】	hello, morning	fwl7DxDck5E
神楽めあ	♡01♡『ビースト・ダンス』歌ってみたっ。【神楽めあ】	ビースト・ダンス	UonWUmb8oV0
神楽めあ	♡02♡『愛言葉iii』歌ってみたっ。【神楽めあ】	愛言葉iii	Wc_P4NLtcBM
神楽めあ	【神楽めあ】 ♦ ヒトリゴト 歌ってみた ♦ 【千草はな】	ヒトリゴト	VjbYpx-Hw-g
神楽めあ	【オリジナルpv】廃都アトリエスタにて【神楽めあ× 卯月コウ】	廃都アトリエスタにて	M6esqi1cnEE
神楽めあ	♡03♡『flamingo』歌ってみたっ。【神楽めあ】	flamingo	dbN3cFEaptU
神楽めあ	バレリーコ / by 神楽めあ×犬山たまき【歌ってみた】	バレリーコ	r7FFXJFKm5k
ときのそら	ドーナツホール #アメノセイ #ときのそら 【歌ってみた】	ドーナツホール	bcwApgI4fXo
ときのそら	【らき☆すた】『もってけ!セーラーふく』歌ってみた - ときのそら × alt!【がんばって再現してみた】	もってけ!セーラーふく	zGT2mkZVtbI
ときのそら	【ときのそら×キノシタ】dream☆story【オリジナル曲・キャラソン】	dream☆story	rbd-m8r5Ujs
ときのそら	【侵略されて】エイリアンエイリアン 歌ってみた - ときのそら【踊ってみた】	エイリアンエイリアン	NT6Pf28eCgQ
ときのそら	【ときのそら × アゴアニキ】海より深い空の下【オリジナル・ボカロpコラボ第4弾】	海より深い空の下	nP5mhWX2i0Q
ときのそら	【ときのそら × はるまきごはん】そんな雨の日には【オリジナル・ボカロpコラボ第3弾】	そんな雨の日には	MjkDaUwPzkU
ときのそら	檄!帝国華撃団 by燦鳥ノム・富士葵・ときのそら【歌ってみた】	檄!帝国華撃団	35fKzdDH654
ときのそら	【ときのそら × シグナルp】wandering days【オリジナル・ボカロpコラボ第2弾】	wandering days	Z9oZ4r0cxME
ときのそら	【歌ってみた】アスノヨゾラ哨戒班【ときのそら】	アスノヨゾラ哨戒班	QYpkewF8ECA
ときのそら	【コラボ】mrs.pumpkinの滑稽な夢 女子4人で歌ってみた - そら×まり×アオ×yuni	mrs.pumpkinの滑稽な夢	gb_jfOQd64c
ときのそら	【ときのそら × 40mp】未練レコード【オリジナル・ボカロpコラボ第1弾】	未練レコード	yVxmv4oqPzs
ときのそら	【歌ってみた】rain stops, good-bye / におp【事務員gさんのピアノにのせて】	rain	FrdLDOeMoyg
ときのそら	【歌ってみた】海を泳ぐ月【ときのそら】	海を泳ぐ月	RKigW0TteZY
ときのそら	【歌ってみた】サンドリヨン / ときのそら & バーチャルゴリラ	サンドリヨン	zsBD66Sa5Yg
ときのそら	【歌ってみた】メランコリック【ときのそら】	メランコリック	zcU6WIaT9DA
ときのそら	magnet	magnet	Ec3DZ5xaWuA
ときのそら	【mmd公開】太陽系デスコ/ときのそら【歌ってmmdで踊ってみた】	太陽系デスコ	wHw3jSvZxNI
ときのそら	【一緒に歌お♪】そらともどうぶつようちえん - nozakita kazumi【そらとも提供曲】	そらともどうぶつようちえん	D7qezulISyU
ときのそら	【歌ってみた】おかえり - 瀬名航【sorasong】	おかえり	owwXwGXUm0g
ときのそら	【cover】snow halation/μ’s - ときのそら×富士葵コラボ「そらあお」で歌ってみた	snow halation	xDE3MSAK_DY
ときのそら	【cover】ライオン/may'n/中島愛 - 富士葵×ときのそらコラボ「そらあお」で歌ってみた	ライオン	rn54OXCuTZs
ときのそら	【歌ってみた】あの日見た空 - 山田アルテミス【sorasong】	あの日見た空	Pgmleabc1nQ
ときのそら	【歌ってみた】わたしとあなたと皆さまと! - 逆襲の明智【sorasong】	わたしとあなたと皆さまと!	pKASI4dEG3A
ときのそら	【歌ってみた】夢色アスタリスク - ていくる【sorasong】	夢色アスタリスク	kTV6uSmiXEw
ときのそら	【歌ってみた】木の芽時の空 - 路地裏ロジック【sorasong】	木の芽時の空	BvlCYJ1XZ3Y
物述有栖	🎁ロリ組で『好き!雪!本気マジック』歌ってみた🎅	好き!雪!本気マジック	OvGd6DqmA2c
物述有栖	future base	future base	SXdV2bKMntI
